household_id,case,year,month,is_optimizer,elec_units_onpeak,elec_units_offpeak,water_units
case4_0000,upcountry_tou,2024,3,False,280.1,147.1,11.6
case4_0000,upcountry_tou,2024,4,False,315.2,170.0,12.9
case4_0000,upcountry_tou,2024,5,False,273.1,144.4,14.1
case4_0000,upcountry_tou,2024,6,False,340.5,162.4,13.9
case4_0000,upcountry_tou,2024,7,False,297.0,135.3,14.3
case4_0000,upcountry_tou,2024,8,False,256.2,132.6,13.5
case4_0000,upcountry_tou,2024,9,False,276.7,132.2,15.9
case4_0000,upcountry_tou,2024,10,False,215.6,138.4,12.6
case4_0000,upcountry_tou,2024,11,False,171.0,96.4,11.1
case4_0000,upcountry_tou,2024,12,False,186.7,75.8,11.0
case4_0000,upcountry_tou,2025,1,False,150.4,87.9,12.4
case4_0000,upcountry_tou,2025,2,False,148.7,75.2,13.8
case4_0000,upcountry_tou,2025,3,False,238.4,135.9,13.3
case4_0000,upcountry_tou,2025,4,False,328.9,156.7,14.0
case4_0000,upcountry_tou,2025,5,False,286.7,154.7,14.8
case4_0000,upcountry_tou,2025,6,False,199.7,110.3,12.7
case4_0000,upcountry_tou,2025,7,False,242.9,101.8,12.1
case4_0000,upcountry_tou,2025,8,False,228.4,135.5,8.8
case4_0000,upcountry_tou,2025,9,False,275.3,129.6,11.4
case4_0000,upcountry_tou,2025,10,False,248.1,109.0,10.6
case4_0000,upcountry_tou,2025,11,False,195.2,97.9,11.1
case4_0000,upcountry_tou,2025,12,False,135.1,74.2,10.6
case4_0000,upcountry_tou,2026,1,False,154.7,60.7,9.3
case4_0000,upcountry_tou,2026,2,False,140.8,98.0,9.9
case4_0000,upcountry_tou,2026,3,False,183.8,111.7,11.2
case4_0000,upcountry_tou,2026,4,False,289.0,134.7,14.7
case4_0000,upcountry_tou,2026,5,False,283.7,150.5,14.5
case4_0000,upcountry_tou,2026,6,False,253.1,173.9,14.7
case4_0000,upcountry_tou,2026,7,False,287.8,139.3,14.5
case4_0000,upcountry_tou,2026,8,False,212.0,107.4,13.9
case4_0001,upcountry_tou,2024,3,True,76.7,229.9,5.0
case4_0001,upcountry_tou,2024,4,True,91.3,287.1,4.8
case4_0001,upcountry_tou,2024,5,True,84.9,315.2,4.8
case4_0001,upcountry_tou,2024,6,True,92.8,286.9,4.6
case4_0001,upcountry_tou,2024,7,True,98.5,295.0,5.1
case4_0001,upcountry_tou,2024,8,True,98.6,240.5,3.8
case4_0001,upcountry_tou,2024,9,True,105.6,313.8,5.3
case4_0001,upcountry_tou,2024,10,True,80.1,272.1,5.7
case4_0001,upcountry_tou,2024,11,True,76.9,220.7,4.4
case4_0001,upcountry_tou,2024,12,True,74.1,246.9,3.6
case4_0001,upcountry_tou,2025,1,True,47.6,224.8,4.9
case4_0001,upcountry_tou,2025,2,True,96.4,188.1,4.6
case4_0001,upcountry_tou,2025,3,True,83.2,216.5,4.7
case4_0001,upcountry_tou,2025,4,True,96.2,297.3,5.1
case4_0001,upcountry_tou,2025,5,True,69.7,376.6,5.1
case4_0001,upcountry_tou,2025,6,True,130.6,284.9,5.8
case4_0001,upcountry_tou,2025,7,True,115.3,305.2,5.2
case4_0001,upcountry_tou,2025,8,True,84.4,274.2,5.0
case4_0001,upcountry_tou,2025,9,True,86.6,300.9,5.1
case4_0001,upcountry_tou,2025,10,True,124.3,239.1,4.9
case4_0001,upcountry_tou,2025,11,True,122.7,299.0,3.9
case4_0001,upcountry_tou,2025,12,True,108.0,302.0,4.3
case4_0001,upcountry_tou,2026,1,True,109.7,237.3,3.8
case4_0001,upcountry_tou,2026,2,True,104.1,240.7,4.5
case4_0001,upcountry_tou,2026,3,True,52.2,251.1,4.5
case4_0001,upcountry_tou,2026,4,True,108.8,307.8,5.2
case4_0001,upcountry_tou,2026,5,True,113.6,364.1,5.4
case4_0001,upcountry_tou,2026,6,True,115.4,315.5,4.2
case4_0001,upcountry_tou,2026,7,True,99.4,335.4,4.3
case4_0001,upcountry_tou,2026,8,True,112.0,268.1,4.6
case4_0002,upcountry_tou,2024,3,False,345.5,162.9,6.4
case4_0002,upcountry_tou,2024,4,False,496.3,305.4,6.7
case4_0002,upcountry_tou,2024,5,False,366.3,260.5,7.3
case4_0002,upcountry_tou,2024,6,False,507.9,240.3,8.0
case4_0002,upcountry_tou,2024,7,False,381.6,241.6,7.5
case4_0002,upcountry_tou,2024,8,False,378.4,242.0,6.7
case4_0002,upcountry_tou,2024,9,False,408.0,165.7,6.7
case4_0002,upcountry_tou,2024,10,False,374.2,201.9,7.9
case4_0002,upcountry_tou,2024,11,False,232.4,164.2,5.5
case4_0002,upcountry_tou,2024,12,False,213.6,130.9,6.0
case4_0002,upcountry_tou,2025,1,False,158.7,133.7,4.7
case4_0002,upcountry_tou,2025,2,False,215.0,177.0,5.2
case4_0002,upcountry_tou,2025,3,False,301.8,156.4,6.3
case4_0002,upcountry_tou,2025,4,False,400.8,194.3,7.5
case4_0002,upcountry_tou,2025,5,False,338.0,254.3,7.4
case4_0002,upcountry_tou,2025,6,False,341.3,228.8,7.7
case4_0002,upcountry_tou,2025,7,False,334.5,249.9,5.7
case4_0002,upcountry_tou,2025,8,False,345.8,249.2,6.5
case4_0002,upcountry_tou,2025,9,False,313.4,212.5,7.3
case4_0002,upcountry_tou,2025,10,False,361.8,204.9,6.5
case4_0002,upcountry_tou,2025,11,False,230.8,170.4,5.3
case4_0002,upcountry_tou,2025,12,False,222.1,196.3,4.7
case4_0002,upcountry_tou,2026,1,False,243.6,135.7,4.7
case4_0002,upcountry_tou,2026,2,False,204.9,176.9,5.6
case4_0002,upcountry_tou,2026,3,False,319.2,200.1,5.9
case4_0002,upcountry_tou,2026,4,False,352.2,241.6,6.5
case4_0002,upcountry_tou,2026,5,False,354.4,209.5,7.5
case4_0002,upcountry_tou,2026,6,False,363.6,202.4,5.9
case4_0002,upcountry_tou,2026,7,False,347.0,274.4,7.1
case4_0002,upcountry_tou,2026,8,False,391.2,209.3,7.1
case4_0003,upcountry_tou,2024,3,False,513.8,408.4,8.4
case4_0003,upcountry_tou,2024,4,False,607.4,408.3,10.2
case4_0003,upcountry_tou,2024,5,False,535.4,383.5,10.4
case4_0003,upcountry_tou,2024,6,False,563.5,483.3,12.0
case4_0003,upcountry_tou,2024,7,False,568.5,324.0,13.0
case4_0003,upcountry_tou,2024,8,False,489.5,300.9,9.3
case4_0003,upcountry_tou,2024,9,False,480.7,370.3,10.8
case4_0003,upcountry_tou,2024,10,False,490.9,295.4,10.2
case4_0003,upcountry_tou,2024,11,False,359.3,198.4,8.8
case4_0003,upcountry_tou,2024,12,False,323.0,188.5,9.4
case4_0003,upcountry_tou,2025,1,False,321.9,217.2,8.0
case4_0003,upcountry_tou,2025,2,False,328.9,260.4,8.4
case4_0003,upcountry_tou,2025,3,False,465.0,333.3,8.8
case4_0003,upcountry_tou,2025,4,False,666.2,516.0,9.9
case4_0003,upcountry_tou,2025,5,False,523.4,421.0,11.6
case4_0003,upcountry_tou,2025,6,False,379.9,285.9,10.8
case4_0003,upcountry_tou,2025,7,False,523.2,373.5,9.6
case4_0003,upcountry_tou,2025,8,False,597.6,373.7,8.5
case4_0003,upcountry_tou,2025,9,False,500.7,350.3,9.7
case4_0003,upcountry_tou,2025,10,False,459.0,388.0,8.9
case4_0003,upcountry_tou,2025,11,False,264.3,225.9,7.1
case4_0003,upcountry_tou,2025,12,False,314.6,235.5,8.4
case4_0003,upcountry_tou,2026,1,False,325.1,203.5,7.2
case4_0003,upcountry_tou,2026,2,False,313.4,202.2,8.0
case4_0003,upcountry_tou,2026,3,False,533.5,356.1,9.3
case4_0003,upcountry_tou,2026,4,False,599.7,496.7,10.0
case4_0003,upcountry_tou,2026,5,False,405.5,380.6,10.8
case4_0003,upcountry_tou,2026,6,False,510.9,425.4,9.2
case4_0003,upcountry_tou,2026,7,False,733.0,344.0,8.6
case4_0003,upcountry_tou,2026,8,False,446.9,314.9,9.2
case4_0004,upcountry_tou,2024,3,True,158.3,349.6,12.7
case4_0004,upcountry_tou,2024,4,True,210.2,340.8,13.2
case4_0004,upcountry_tou,2024,5,True,150.4,336.4,13.2
case4_0004,upcountry_tou,2024,6,True,215.3,265.5,14.2
case4_0004,upcountry_tou,2024,7,True,180.0,399.6,14.4
case4_0004,upcountry_tou,2024,8,True,231.5,337.5,14.5
case4_0004,upcountry_tou,2024,9,True,195.7,325.9,13.8
case4_0004,upcountry_tou,2024,10,True,144.1,328.6,14.0
case4_0004,upcountry_tou,2024,11,True,98.6,248.7,11.9
case4_0004,upcountry_tou,2024,12,True,100.1,201.5,12.9
case4_0004,upcountry_tou,2025,1,True,92.7,201.6,13.3
case4_0004,upcountry_tou,2025,2,True,114.0,197.0,12.6
case4_0004,upcountry_tou,2025,3,True,89.2,260.6,12.7
case4_0004,upcountry_tou,2025,4,True,189.7,249.9,13.3
case4_0004,upcountry_tou,2025,5,True,157.9,365.8,14.6
case4_0004,upcountry_tou,2025,6,True,198.6,306.8,14.4
case4_0004,upcountry_tou,2025,7,True,143.2,278.4,10.6
case4_0004,upcountry_tou,2025,8,True,131.2,294.6,11.1
case4_0004,upcountry_tou,2025,9,True,144.7,234.2,12.1
case4_0004,upcountry_tou,2025,10,True,116.6,268.7,11.4
case4_0004,upcountry_tou,2025,11,True,85.1,176.2,11.9
case4_0004,upcountry_tou,2025,12,True,95.1,180.5,11.1
case4_0004,upcountry_tou,2026,1,True,83.2,184.4,10.6
case4_0004,upcountry_tou,2026,2,True,87.7,212.6,13.7
case4_0004,upcountry_tou,2026,3,True,142.4,298.1,12.6
case4_0004,upcountry_tou,2026,4,True,230.2,374.4,14.3
case4_0004,upcountry_tou,2026,5,True,159.2,328.5,13.2
case4_0004,upcountry_tou,2026,6,True,139.9,258.6,13.2
case4_0004,upcountry_tou,2026,7,True,171.3,242.0,12.6
case4_0004,upcountry_tou,2026,8,True,168.9,313.4,13.2
case4_0005,upcountry_tou,2024,3,False,379.5,169.6,4.2
case4_0005,upcountry_tou,2024,4,False,374.3,217.9,4.2
case4_0005,upcountry_tou,2024,5,False,444.5,204.7,4.6
case4_0005,upcountry_tou,2024,6,False,370.2,233.7,3.7
case4_0005,upcountry_tou,2024,7,False,348.1,185.2,3.6
case4_0005,upcountry_tou,2024,8,False,388.9,243.3,3.7
case4_0005,upcountry_tou,2024,9,False,331.6,237.0,4.0
case4_0005,upcountry_tou,2024,10,False,289.7,142.2,4.0
case4_0005,upcountry_tou,2024,11,False,251.6,151.7,3.7
case4_0005,upcountry_tou,2024,12,False,222.7,101.9,3.3
case4_0005,upcountry_tou,2025,1,False,190.9,134.5,3.4
case4_0005,upcountry_tou,2025,2,False,241.7,146.9,3.6
case4_0005,upcountry_tou,2025,3,False,346.1,182.1,3.5
case4_0005,upcountry_tou,2025,4,False,408.5,311.9,5.0
case4_0005,upcountry_tou,2025,5,False,415.0,266.0,4.4
case4_0005,upcountry_tou,2025,6,False,381.3,257.5,4.4
case4_0005,upcountry_tou,2025,7,False,402.3,263.6,3.9
case4_0005,upcountry_tou,2025,8,False,363.7,225.7,4.1
case4_0005,upcountry_tou,2025,9,False,296.8,228.0,3.7
case4_0005,upcountry_tou,2025,10,False,303.5,196.4,4.2
case4_0005,upcountry_tou,2025,11,False,273.8,155.8,3.6
case4_0005,upcountry_tou,2025,12,False,273.2,194.6,2.8
case4_0005,upcountry_tou,2026,1,False,240.3,166.9,3.0
case4_0005,upcountry_tou,2026,2,False,220.4,140.4,3.6
case4_0005,upcountry_tou,2026,3,False,330.1,223.1,4.4
case4_0005,upcountry_tou,2026,4,False,544.6,286.5,4.5
case4_0005,upcountry_tou,2026,5,False,436.1,344.2,4.1
case4_0005,upcountry_tou,2026,6,False,446.0,341.2,4.4
case4_0005,upcountry_tou,2026,7,False,414.5,279.2,4.3
case4_0005,upcountry_tou,2026,8,False,407.2,299.2,3.6
case4_0006,upcountry_tou,2024,3,False,397.5,249.8,14.4
case4_0006,upcountry_tou,2024,4,False,544.9,192.4,18.1
case4_0006,upcountry_tou,2024,5,False,483.2,211.1,16.7
case4_0006,upcountry_tou,2024,6,False,330.0,234.0,19.1
case4_0006,upcountry_tou,2024,7,False,440.9,277.1,18.5
case4_0006,upcountry_tou,2024,8,False,352.0,265.5,16.2
case4_0006,upcountry_tou,2024,9,False,390.7,222.9,19.8
case4_0006,upcountry_tou,2024,10,False,343.1,252.0,15.3
case4_0006,upcountry_tou,2024,11,False,400.6,260.3,11.2
case4_0006,upcountry_tou,2024,12,False,297.6,280.6,12.9
case4_0006,upcountry_tou,2025,1,False,436.4,190.4,12.1
case4_0006,upcountry_tou,2025,2,False,316.1,219.8,13.5
case4_0006,upcountry_tou,2025,3,False,402.3,269.9,14.3
case4_0006,upcountry_tou,2025,4,False,463.6,233.7,16.2
case4_0006,upcountry_tou,2025,5,False,369.5,267.2,16.2
case4_0006,upcountry_tou,2025,6,False,410.9,313.7,15.8
case4_0006,upcountry_tou,2025,7,False,444.0,308.4,14.5
case4_0006,upcountry_tou,2025,8,False,493.2,368.5,15.3
case4_0006,upcountry_tou,2025,9,False,486.6,286.0,16.0
case4_0006,upcountry_tou,2025,10,False,362.4,300.0,14.4
case4_0006,upcountry_tou,2025,11,False,360.9,198.2,12.7
case4_0006,upcountry_tou,2025,12,False,458.4,283.6,13.6
case4_0006,upcountry_tou,2026,1,False,405.6,227.5,11.7
case4_0006,upcountry_tou,2026,2,False,420.2,241.1,12.1
case4_0006,upcountry_tou,2026,3,False,505.3,296.1,15.5
case4_0006,upcountry_tou,2026,4,False,541.8,286.2,16.4
case4_0006,upcountry_tou,2026,5,False,483.6,282.9,15.9
case4_0006,upcountry_tou,2026,6,False,404.7,258.3,20.0
case4_0006,upcountry_tou,2026,7,False,486.9,277.5,17.0
case4_0006,upcountry_tou,2026,8,False,550.4,396.4,15.4
case4_0007,upcountry_tou,2024,3,True,225.5,510.3,5.7
case4_0007,upcountry_tou,2024,4,True,302.5,694.4,6.1
case4_0007,upcountry_tou,2024,5,True,269.4,502.0,5.9
case4_0007,upcountry_tou,2024,6,True,281.0,458.5,5.1
case4_0007,upcountry_tou,2024,7,True,297.4,530.4,5.3
case4_0007,upcountry_tou,2024,8,True,265.8,433.6,4.7
case4_0007,upcountry_tou,2024,9,True,192.6,478.8,4.9
case4_0007,upcountry_tou,2024,10,True,163.2,336.5,4.8
case4_0007,upcountry_tou,2024,11,True,168.8,311.1,4.0
case4_0007,upcountry_tou,2024,12,True,145.0,260.3,4.7
case4_0007,upcountry_tou,2025,1,True,177.0,287.0,5.3
case4_0007,upcountry_tou,2025,2,True,190.8,345.2,5.8
case4_0007,upcountry_tou,2025,3,True,232.6,493.5,7.0
case4_0007,upcountry_tou,2025,4,True,352.8,701.1,6.6
case4_0007,upcountry_tou,2025,5,True,308.4,598.8,5.6
case4_0007,upcountry_tou,2025,6,True,267.7,493.7,5.8
case4_0007,upcountry_tou,2025,7,True,222.6,474.5,5.5
case4_0007,upcountry_tou,2025,8,True,231.2,481.7,6.1
case4_0007,upcountry_tou,2025,9,True,241.6,581.7,6.0
case4_0007,upcountry_tou,2025,10,True,224.4,560.2,5.2
case4_0007,upcountry_tou,2025,11,True,181.4,318.1,4.9
case4_0007,upcountry_tou,2025,12,True,167.2,346.0,4.8
case4_0007,upcountry_tou,2026,1,True,164.8,342.2,3.7
case4_0007,upcountry_tou,2026,2,True,144.9,253.5,4.6
case4_0007,upcountry_tou,2026,3,True,219.3,492.7,5.4
case4_0007,upcountry_tou,2026,4,True,258.5,579.5,6.6
case4_0007,upcountry_tou,2026,5,True,213.8,570.6,6.1
case4_0007,upcountry_tou,2026,6,True,333.4,485.3,5.6
case4_0007,upcountry_tou,2026,7,True,345.5,690.1,6.4
case4_0007,upcountry_tou,2026,8,True,210.0,595.7,6.8
case4_0008,upcountry_tou,2024,3,False,209.3,117.1,5.2
case4_0008,upcountry_tou,2024,4,False,256.7,93.1,5.4
case4_0008,upcountry_tou,2024,5,False,239.3,131.3,5.0
case4_0008,upcountry_tou,2024,6,False,226.0,111.0,5.0
case4_0008,upcountry_tou,2024,7,False,238.4,101.5,5.2
case4_0008,upcountry_tou,2024,8,False,212.1,119.7,5.1
case4_0008,upcountry_tou,2024,9,False,175.5,89.3,4.5
case4_0008,upcountry_tou,2024,10,False,234.5,77.6,4.7
case4_0008,upcountry_tou,2024,11,False,171.0,77.9,3.9
case4_0008,upcountry_tou,2024,12,False,160.2,88.9,4.7
case4_0008,upcountry_tou,2025,1,False,181.1,74.4,4.4
case4_0008,upcountry_tou,2025,2,False,182.1,93.8,4.5
case4_0008,upcountry_tou,2025,3,False,210.3,104.3,5.2
case4_0008,upcountry_tou,2025,4,False,203.4,89.2,4.4
case4_0008,upcountry_tou,2025,5,False,200.7,105.5,6.3
case4_0008,upcountry_tou,2025,6,False,203.5,93.8,5.4
case4_0008,upcountry_tou,2025,7,False,217.4,65.4,4.7
case4_0008,upcountry_tou,2025,8,False,190.8,72.5,4.4
case4_0008,upcountry_tou,2025,9,False,192.0,79.3,5.3
case4_0008,upcountry_tou,2025,10,False,166.6,108.4,5.5
case4_0008,upcountry_tou,2025,11,False,205.2,85.2,5.1
case4_0008,upcountry_tou,2025,12,False,169.3,90.8,4.5
case4_0008,upcountry_tou,2026,1,False,153.7,94.5,4.1
case4_0008,upcountry_tou,2026,2,False,154.2,67.5,4.8
case4_0008,upcountry_tou,2026,3,False,188.7,89.3,5.1
case4_0008,upcountry_tou,2026,4,False,267.2,108.0,5.0
case4_0008,upcountry_tou,2026,5,False,206.8,96.7,4.5
case4_0008,upcountry_tou,2026,6,False,205.2,91.2,5.2
case4_0008,upcountry_tou,2026,7,False,178.0,70.1,5.4
case4_0008,upcountry_tou,2026,8,False,168.7,92.3,4.2
case4_0009,upcountry_tou,2024,3,False,371.2,214.1,18.0
case4_0009,upcountry_tou,2024,4,False,454.3,241.5,22.0
case4_0009,upcountry_tou,2024,5,False,442.4,230.6,20.3
case4_0009,upcountry_tou,2024,6,False,438.3,232.7,19.0
case4_0009,upcountry_tou,2024,7,False,379.6,256.7,17.5
case4_0009,upcountry_tou,2024,8,False,406.6,262.9,15.4
case4_0009,upcountry_tou,2024,9,False,441.6,310.5,18.5
case4_0009,upcountry_tou,2024,10,False,350.2,228.5,17.5
case4_0009,upcountry_tou,2024,11,False,357.6,246.0,13.3
case4_0009,upcountry_tou,2024,12,False,368.4,215.1,15.1
case4_0009,upcountry_tou,2025,1,False,300.8,169.6,15.7
case4_0009,upcountry_tou,2025,2,False,286.6,212.1,13.8
case4_0009,upcountry_tou,2025,3,False,471.0,240.7,16.1
case4_0009,upcountry_tou,2025,4,False,381.6,364.2,17.8
case4_0009,upcountry_tou,2025,5,False,408.7,335.8,20.2
case4_0009,upcountry_tou,2025,6,False,439.0,305.6,18.3
case4_0009,upcountry_tou,2025,7,False,405.7,254.0,18.6
case4_0009,upcountry_tou,2025,8,False,437.5,235.2,16.9
case4_0009,upcountry_tou,2025,9,False,444.4,192.9,18.0
case4_0009,upcountry_tou,2025,10,False,345.1,221.2,19.4
case4_0009,upcountry_tou,2025,11,False,323.7,174.9,19.1
case4_0009,upcountry_tou,2025,12,False,347.5,203.9,15.1
case4_0009,upcountry_tou,2026,1,False,335.0,192.1,17.5
case4_0009,upcountry_tou,2026,2,False,321.0,176.0,16.5
case4_0009,upcountry_tou,2026,3,False,349.5,254.8,19.9
case4_0009,upcountry_tou,2026,4,False,351.0,229.5,18.2
case4_0009,upcountry_tou,2026,5,False,445.3,305.5,19.3
case4_0009,upcountry_tou,2026,6,False,361.1,252.8,18.7
case4_0009,upcountry_tou,2026,7,False,414.0,220.1,18.5
case4_0009,upcountry_tou,2026,8,False,381.1,268.9,17.5
case4_0010,upcountry_tou,2024,3,False,226.9,203.5,7.2
case4_0010,upcountry_tou,2024,4,False,290.5,236.8,7.1
case4_0010,upcountry_tou,2024,5,False,280.7,231.6,6.6
case4_0010,upcountry_tou,2024,6,False,321.8,213.3,6.7
case4_0010,upcountry_tou,2024,7,False,285.1,196.5,6.5
case4_0010,upcountry_tou,2024,8,False,344.9,206.9,6.6
case4_0010,upcountry_tou,2024,9,False,281.6,214.6,7.4
case4_0010,upcountry_tou,2024,10,False,279.3,224.7,7.0
case4_0010,upcountry_tou,2024,11,False,235.1,172.2,6.6
case4_0010,upcountry_tou,2024,12,False,256.7,159.6,7.3
case4_0010,upcountry_tou,2025,1,False,247.1,190.9,7.6
case4_0010,upcountry_tou,2025,2,False,211.3,183.3,8.0
case4_0010,upcountry_tou,2025,3,False,289.7,229.4,6.9
case4_0010,upcountry_tou,2025,4,False,316.6,210.8,7.7
case4_0010,upcountry_tou,2025,5,False,283.6,186.3,7.3
case4_0010,upcountry_tou,2025,6,False,326.6,198.7,7.4
case4_0010,upcountry_tou,2025,7,False,281.1,244.2,6.8
case4_0010,upcountry_tou,2025,8,False,335.8,284.6,8.2
case4_0010,upcountry_tou,2025,9,False,303.1,254.8,6.6
case4_0010,upcountry_tou,2025,10,False,333.3,262.8,6.4
case4_0010,upcountry_tou,2025,11,False,256.4,183.8,5.6
case4_0010,upcountry_tou,2025,12,False,219.5,185.9,5.1
case4_0010,upcountry_tou,2026,1,False,292.5,196.1,5.7
case4_0010,upcountry_tou,2026,2,False,280.5,154.2,5.4
case4_0010,upcountry_tou,2026,3,False,234.3,182.9,5.8
case4_0010,upcountry_tou,2026,4,False,259.5,217.3,7.8
case4_0010,upcountry_tou,2026,5,False,282.2,217.5,8.7
case4_0010,upcountry_tou,2026,6,False,272.7,235.1,7.5
case4_0010,upcountry_tou,2026,7,False,266.9,240.1,8.7
case4_0010,upcountry_tou,2026,8,False,268.8,192.5,7.7
case4_0011,upcountry_tou,2024,3,False,280.5,108.7,11.7
case4_0011,upcountry_tou,2024,4,False,305.2,165.4,12.7
case4_0011,upcountry_tou,2024,5,False,293.1,176.3,11.4
case4_0011,upcountry_tou,2024,6,False,300.7,141.0,10.3
case4_0011,upcountry_tou,2024,7,False,253.9,127.3,8.5
case4_0011,upcountry_tou,2024,8,False,224.9,92.8,9.8
case4_0011,upcountry_tou,2024,9,False,230.5,129.8,11.8
case4_0011,upcountry_tou,2024,10,False,223.4,104.6,10.4
case4_0011,upcountry_tou,2024,11,False,148.8,65.4,10.6
case4_0011,upcountry_tou,2024,12,False,181.6,78.3,10.7
case4_0011,upcountry_tou,2025,1,False,180.7,67.1,9.4
case4_0011,upcountry_tou,2025,2,False,179.5,88.3,9.8
case4_0011,upcountry_tou,2025,3,False,247.3,85.3,11.4
case4_0011,upcountry_tou,2025,4,False,292.5,122.6,11.2
case4_0011,upcountry_tou,2025,5,False,295.8,133.1,11.5
case4_0011,upcountry_tou,2025,6,False,249.9,126.7,13.1
case4_0011,upcountry_tou,2025,7,False,301.6,152.2,12.2
case4_0011,upcountry_tou,2025,8,False,304.0,113.8,13.2
case4_0011,upcountry_tou,2025,9,False,277.7,135.3,11.5
case4_0011,upcountry_tou,2025,10,False,247.6,125.8,10.6
case4_0011,upcountry_tou,2025,11,False,167.2,83.9,10.1
case4_0011,upcountry_tou,2025,12,False,185.7,73.7,10.2
case4_0011,upcountry_tou,2026,1,False,204.3,78.2,12.4
case4_0011,upcountry_tou,2026,2,False,177.1,89.4,12.0
case4_0011,upcountry_tou,2026,3,False,263.2,106.0,12.0
case4_0011,upcountry_tou,2026,4,False,376.9,187.8,11.5
case4_0011,upcountry_tou,2026,5,False,336.8,151.2,11.6
case4_0011,upcountry_tou,2026,6,False,349.7,162.0,12.0
case4_0011,upcountry_tou,2026,7,False,320.4,131.5,11.3
case4_0011,upcountry_tou,2026,8,False,292.4,156.8,10.2
case4_0012,upcountry_tou,2024,3,True,118.5,242.0,14.4
case4_0012,upcountry_tou,2024,4,True,171.2,302.5,16.9
case4_0012,upcountry_tou,2024,5,True,157.4,273.2,17.8
case4_0012,upcountry_tou,2024,6,True,141.2,297.1,15.0
case4_0012,upcountry_tou,2024,7,True,166.7,261.2,17.0
case4_0012,upcountry_tou,2024,8,True,124.5,235.9,16.6
case4_0012,upcountry_tou,2024,9,True,101.8,211.5,15.1
case4_0012,upcountry_tou,2024,10,True,90.4,203.2,16.5
case4_0012,upcountry_tou,2024,11,True,78.2,175.8,15.7
case4_0012,upcountry_tou,2024,12,True,70.2,147.9,14.2
case4_0012,upcountry_tou,2025,1,True,89.4,134.9,13.5
case4_0012,upcountry_tou,2025,2,True,72.6,176.7,13.5
case4_0012,upcountry_tou,2025,3,True,114.5,226.0,11.3
case4_0012,upcountry_tou,2025,4,True,131.2,224.4,14.7
case4_0012,upcountry_tou,2025,5,True,140.2,227.8,15.1
case4_0012,upcountry_tou,2025,6,True,104.9,211.4,15.1
case4_0012,upcountry_tou,2025,7,True,139.2,255.5,14.8
case4_0012,upcountry_tou,2025,8,True,108.2,269.5,14.3
case4_0012,upcountry_tou,2025,9,True,107.1,233.7,16.9
case4_0012,upcountry_tou,2025,10,True,91.2,221.4,15.4
case4_0012,upcountry_tou,2025,11,True,96.6,179.0,14.0
case4_0012,upcountry_tou,2025,12,True,71.1,152.2,14.3
case4_0012,upcountry_tou,2026,1,True,66.3,154.5,14.7
case4_0012,upcountry_tou,2026,2,True,85.2,164.1,14.5
case4_0012,upcountry_tou,2026,3,True,131.0,211.6,15.2
case4_0012,upcountry_tou,2026,4,True,136.5,267.0,13.7
case4_0012,upcountry_tou,2026,5,True,98.6,217.0,15.9
case4_0012,upcountry_tou,2026,6,True,126.6,213.6,16.3
case4_0012,upcountry_tou,2026,7,True,110.9,223.2,14.6
case4_0012,upcountry_tou,2026,8,True,101.1,187.2,13.5
case4_0013,upcountry_tou,2024,3,True,135.3,266.1,14.6
case4_0013,upcountry_tou,2024,4,True,179.7,280.8,14.2
case4_0013,upcountry_tou,2024,5,True,127.9,290.2,14.4
case4_0013,upcountry_tou,2024,6,True,133.7,265.4,14.5
case4_0013,upcountry_tou,2024,7,True,126.0,246.4,12.8
case4_0013,upcountry_tou,2024,8,True,125.5,305.9,13.8
case4_0013,upcountry_tou,2024,9,True,149.8,319.8,14.1
case4_0013,upcountry_tou,2024,10,True,153.6,268.6,13.9
case4_0013,upcountry_tou,2024,11,True,129.5,235.1,11.4
case4_0013,upcountry_tou,2024,12,True,123.3,274.0,11.7
case4_0013,upcountry_tou,2025,1,True,144.6,291.4,13.1
case4_0013,upcountry_tou,2025,2,True,124.8,172.4,13.6
case4_0013,upcountry_tou,2025,3,True,127.8,300.4,13.9
case4_0013,upcountry_tou,2025,4,True,140.2,288.3,16.2
case4_0013,upcountry_tou,2025,5,True,133.5,339.3,16.2
case4_0013,upcountry_tou,2025,6,True,167.7,292.6,14.8
case4_0013,upcountry_tou,2025,7,True,177.6,225.5,15.8
case4_0013,upcountry_tou,2025,8,True,141.1,218.9,14.7
case4_0013,upcountry_tou,2025,9,True,137.3,209.9,11.9
case4_0013,upcountry_tou,2025,10,True,163.9,290.8,16.1
case4_0013,upcountry_tou,2025,11,True,104.8,297.6,11.5
case4_0013,upcountry_tou,2025,12,True,141.5,228.0,11.5
case4_0013,upcountry_tou,2026,1,True,118.6,272.6,11.6
case4_0013,upcountry_tou,2026,2,True,152.6,242.8,10.7
case4_0013,upcountry_tou,2026,3,True,141.4,289.5,12.9
case4_0013,upcountry_tou,2026,4,True,127.2,322.6,14.6
case4_0013,upcountry_tou,2026,5,True,150.0,243.6,12.9
case4_0013,upcountry_tou,2026,6,True,115.7,257.5,14.9
case4_0013,upcountry_tou,2026,7,True,173.7,293.0,16.7
case4_0013,upcountry_tou,2026,8,True,142.4,293.5,15.6
case4_0014,upcountry_tou,2024,3,False,142.1,99.0,5.1
case4_0014,upcountry_tou,2024,4,False,179.3,70.8,5.7
case4_0014,upcountry_tou,2024,5,False,204.4,87.6,6.2
case4_0014,upcountry_tou,2024,6,False,178.2,86.8,7.0
case4_0014,upcountry_tou,2024,7,False,215.1,95.4,7.0
case4_0014,upcountry_tou,2024,8,False,236.3,111.7,5.3
case4_0014,upcountry_tou,2024,9,False,207.6,114.1,5.1
case4_0014,upcountry_tou,2024,10,False,206.6,107.8,4.9
case4_0014,upcountry_tou,2024,11,False,164.3,130.6,4.8
case4_0014,upcountry_tou,2024,12,False,161.3,79.2,5.0
case4_0014,upcountry_tou,2025,1,False,153.8,86.3,5.0
case4_0014,upcountry_tou,2025,2,False,134.6,62.1,5.9
case4_0014,upcountry_tou,2025,3,False,237.8,89.6,5.9
case4_0014,upcountry_tou,2025,4,False,198.2,81.8,6.0
case4_0014,upcountry_tou,2025,5,False,210.3,122.7,5.9
case4_0014,upcountry_tou,2025,6,False,219.7,126.6,5.7
case4_0014,upcountry_tou,2025,7,False,192.6,100.9,5.7
case4_0014,upcountry_tou,2025,8,False,226.9,150.0,6.5
case4_0014,upcountry_tou,2025,9,False,253.6,87.3,6.1
case4_0014,upcountry_tou,2025,10,False,264.7,123.7,4.4
case4_0014,upcountry_tou,2025,11,False,187.2,92.9,5.9
case4_0014,upcountry_tou,2025,12,False,199.8,108.6,5.6
case4_0014,upcountry_tou,2026,1,False,236.0,96.7,4.3
case4_0014,upcountry_tou,2026,2,False,176.5,109.3,4.6
case4_0014,upcountry_tou,2026,3,False,203.8,89.8,5.2
case4_0014,upcountry_tou,2026,4,False,255.8,135.0,6.1
case4_0014,upcountry_tou,2026,5,False,232.8,105.2,5.9
case4_0014,upcountry_tou,2026,6,False,211.2,87.0,4.7
case4_0014,upcountry_tou,2026,7,False,248.5,111.5,5.3
case4_0014,upcountry_tou,2026,8,False,211.9,125.6,6.7
case4_0015,upcountry_tou,2024,3,False,106.4,86.5,7.8
case4_0015,upcountry_tou,2024,4,False,169.9,130.0,8.2
case4_0015,upcountry_tou,2024,5,False,184.0,91.9,7.6
case4_0015,upcountry_tou,2024,6,False,131.3,88.1,6.8
case4_0015,upcountry_tou,2024,7,False,109.8,79.5,6.4
case4_0015,upcountry_tou,2024,8,False,121.5,71.7,7.3
case4_0015,upcountry_tou,2024,9,False,133.0,85.2,6.8
case4_0015,upcountry_tou,2024,10,False,127.0,75.3,6.9
case4_0015,upcountry_tou,2024,11,False,95.8,58.7,7.2
case4_0015,upcountry_tou,2024,12,False,93.4,52.2,5.9
case4_0015,upcountry_tou,2025,1,False,97.4,65.8,6.0
case4_0015,upcountry_tou,2025,2,False,104.7,57.0,6.5
case4_0015,upcountry_tou,2025,3,False,155.2,91.3,7.4
case4_0015,upcountry_tou,2025,4,False,167.9,106.7,7.7
case4_0015,upcountry_tou,2025,5,False,157.0,109.1,6.6
case4_0015,upcountry_tou,2025,6,False,165.0,111.5,5.3
case4_0015,upcountry_tou,2025,7,False,138.7,109.9,4.8
case4_0015,upcountry_tou,2025,8,False,93.7,56.1,5.8
case4_0015,upcountry_tou,2025,9,False,96.2,77.6,6.5
case4_0015,upcountry_tou,2025,10,False,119.6,51.1,4.7
case4_0015,upcountry_tou,2025,11,False,80.2,65.8,4.5
case4_0015,upcountry_tou,2025,12,False,66.9,45.1,5.2
case4_0015,upcountry_tou,2026,1,False,73.6,41.6,4.6
case4_0015,upcountry_tou,2026,2,False,56.5,35.9,4.9
case4_0015,upcountry_tou,2026,3,False,98.2,60.9,5.5
case4_0015,upcountry_tou,2026,4,False,127.6,79.9,7.0
case4_0015,upcountry_tou,2026,5,False,104.4,91.7,6.5
case4_0015,upcountry_tou,2026,6,False,116.7,80.0,7.0
case4_0015,upcountry_tou,2026,7,False,108.8,62.0,7.3
case4_0015,upcountry_tou,2026,8,False,104.3,72.4,6.7
case4_0016,upcountry_tou,2024,3,True,149.0,369.7,6.1
case4_0016,upcountry_tou,2024,4,True,151.5,419.8,7.6
case4_0016,upcountry_tou,2024,5,True,152.8,451.0,6.5
case4_0016,upcountry_tou,2024,6,True,151.7,426.1,7.9
case4_0016,upcountry_tou,2024,7,True,144.1,356.7,5.0
case4_0016,upcountry_tou,2024,8,True,153.0,443.5,6.0
case4_0016,upcountry_tou,2024,9,True,167.1,402.0,7.0
case4_0016,upcountry_tou,2024,10,True,79.7,456.9,5.6
case4_0016,upcountry_tou,2024,11,True,114.3,362.2,5.4
case4_0016,upcountry_tou,2024,12,True,119.7,355.6,5.4
case4_0016,upcountry_tou,2025,1,True,117.5,369.4,5.3
case4_0016,upcountry_tou,2025,2,True,137.9,309.5,4.4
case4_0016,upcountry_tou,2025,3,True,117.2,326.3,6.1
case4_0016,upcountry_tou,2025,4,True,149.6,414.6,6.5
case4_0016,upcountry_tou,2025,5,True,124.8,378.4,6.4
case4_0016,upcountry_tou,2025,6,True,183.0,440.5,6.9
case4_0016,upcountry_tou,2025,7,True,162.3,347.7,6.7
case4_0016,upcountry_tou,2025,8,True,160.4,424.9,6.8
case4_0016,upcountry_tou,2025,9,True,165.1,401.4,6.2
case4_0016,upcountry_tou,2025,10,True,168.3,376.3,5.4
case4_0016,upcountry_tou,2025,11,True,104.0,337.5,5.6
case4_0016,upcountry_tou,2025,12,True,103.3,351.8,5.0
case4_0016,upcountry_tou,2026,1,True,108.6,286.4,4.9
case4_0016,upcountry_tou,2026,2,True,122.5,302.5,5.5
case4_0016,upcountry_tou,2026,3,True,145.2,372.0,6.8
case4_0016,upcountry_tou,2026,4,True,148.3,436.1,8.4
case4_0016,upcountry_tou,2026,5,True,157.7,363.5,6.0
case4_0016,upcountry_tou,2026,6,True,177.3,459.0,7.3
case4_0016,upcountry_tou,2026,7,True,182.8,331.9,6.7
case4_0016,upcountry_tou,2026,8,True,169.3,380.4,6.4
case4_0017,upcountry_tou,2024,3,False,334.3,324.6,12.0
case4_0017,upcountry_tou,2024,4,False,503.4,375.2,12.5
case4_0017,upcountry_tou,2024,5,False,443.7,465.2,13.1
case4_0017,upcountry_tou,2024,6,False,440.5,340.8,13.6
case4_0017,upcountry_tou,2024,7,False,463.1,366.1,11.4
case4_0017,upcountry_tou,2024,8,False,458.8,307.6,11.0
case4_0017,upcountry_tou,2024,9,False,455.8,292.8,12.1
case4_0017,upcountry_tou,2024,10,False,416.4,296.5,11.1
case4_0017,upcountry_tou,2024,11,False,395.4,303.2,11.7
case4_0017,upcountry_tou,2024,12,False,349.6,296.6,12.5
case4_0017,upcountry_tou,2025,1,False,399.9,231.3,11.4
case4_0017,upcountry_tou,2025,2,False,232.9,240.4,10.8
case4_0017,upcountry_tou,2025,3,False,317.0,227.9,10.4
case4_0017,upcountry_tou,2025,4,False,388.4,287.1,11.3
case4_0017,upcountry_tou,2025,5,False,300.1,257.3,13.8
case4_0017,upcountry_tou,2025,6,False,440.3,263.1,13.9
case4_0017,upcountry_tou,2025,7,False,331.9,244.6,15.4
case4_0017,upcountry_tou,2025,8,False,335.2,263.7,13.7
case4_0017,upcountry_tou,2025,9,False,378.3,242.7,14.1
case4_0017,upcountry_tou,2025,10,False,272.9,292.9,13.9
case4_0017,upcountry_tou,2025,11,False,211.0,146.8,11.7
case4_0017,upcountry_tou,2025,12,False,242.2,168.4,12.7
case4_0017,upcountry_tou,2026,1,False,241.4,191.2,10.2
case4_0017,upcountry_tou,2026,2,False,260.6,211.0,8.9
case4_0017,upcountry_tou,2026,3,False,330.8,233.6,14.7
case4_0017,upcountry_tou,2026,4,False,360.5,306.7,14.1
case4_0017,upcountry_tou,2026,5,False,348.0,270.5,17.1
case4_0017,upcountry_tou,2026,6,False,365.8,280.5,17.8
case4_0017,upcountry_tou,2026,7,False,318.8,269.3,15.0
case4_0017,upcountry_tou,2026,8,False,318.9,283.9,12.5
case4_0018,upcountry_tou,2024,3,True,125.2,363.2,10.9
case4_0018,upcountry_tou,2024,4,True,189.1,463.6,10.4
case4_0018,upcountry_tou,2024,5,True,168.6,411.8,11.3
case4_0018,upcountry_tou,2024,6,True,112.8,316.7,12.9
case4_0018,upcountry_tou,2024,7,True,109.8,296.0,13.1
case4_0018,upcountry_tou,2024,8,True,158.5,293.9,12.1
case4_0018,upcountry_tou,2024,9,True,137.7,270.4,12.8
case4_0018,upcountry_tou,2024,10,True,114.5,276.2,12.6
case4_0018,upcountry_tou,2024,11,True,77.6,217.8,11.4
case4_0018,upcountry_tou,2024,12,True,101.3,222.6,13.6
case4_0018,upcountry_tou,2025,1,True,115.7,229.5,11.5
case4_0018,upcountry_tou,2025,2,True,113.9,217.2,10.8
case4_0018,upcountry_tou,2025,3,True,153.9,295.0,11.4
case4_0018,upcountry_tou,2025,4,True,150.2,362.9,14.8
case4_0018,upcountry_tou,2025,5,True,143.7,386.4,11.5
case4_0018,upcountry_tou,2025,6,True,98.5,332.8,12.5
case4_0018,upcountry_tou,2025,7,True,130.4,270.8,12.9
case4_0018,upcountry_tou,2025,8,True,137.6,294.2,10.9
case4_0018,upcountry_tou,2025,9,True,132.5,331.8,12.1
case4_0018,upcountry_tou,2025,10,True,91.4,298.3,8.8
case4_0018,upcountry_tou,2025,11,True,74.4,237.1,9.9
case4_0018,upcountry_tou,2025,12,True,103.0,199.5,9.9
case4_0018,upcountry_tou,2026,1,True,92.2,215.1,11.6
case4_0018,upcountry_tou,2026,2,True,76.9,225.0,11.1
case4_0018,upcountry_tou,2026,3,True,163.0,245.0,13.0
case4_0018,upcountry_tou,2026,4,True,140.4,303.8,14.5
case4_0018,upcountry_tou,2026,5,True,190.8,337.3,17.1
case4_0018,upcountry_tou,2026,6,True,156.3,271.0,14.3
case4_0018,upcountry_tou,2026,7,True,115.8,321.7,13.8
case4_0018,upcountry_tou,2026,8,True,90.0,302.8,13.0
case4_0019,upcountry_tou,2024,3,False,414.7,347.6,20.0
case4_0019,upcountry_tou,2024,4,False,470.5,391.3,20.8
case4_0019,upcountry_tou,2024,5,False,459.0,322.9,20.5
case4_0019,upcountry_tou,2024,6,False,495.2,298.7,20.8
case4_0019,upcountry_tou,2024,7,False,509.8,347.5,19.5
case4_0019,upcountry_tou,2024,8,False,423.6,274.5,19.7
case4_0019,upcountry_tou,2024,9,False,378.0,258.7,17.8
case4_0019,upcountry_tou,2024,10,False,381.3,288.0,14.6
case4_0019,upcountry_tou,2024,11,False,278.4,239.9,14.4
case4_0019,upcountry_tou,2024,12,False,354.0,282.9,20.4
case4_0019,upcountry_tou,2025,1,False,396.5,299.7,19.9
case4_0019,upcountry_tou,2025,2,False,378.5,242.7,22.4
case4_0019,upcountry_tou,2025,3,False,347.8,278.9,26.5
case4_0019,upcountry_tou,2025,4,False,446.5,309.1,26.2
case4_0019,upcountry_tou,2025,5,False,399.8,362.0,25.9
case4_0019,upcountry_tou,2025,6,False,446.1,323.0,22.6
case4_0019,upcountry_tou,2025,7,False,434.9,424.6,23.9
case4_0019,upcountry_tou,2025,8,False,354.1,338.6,23.2
case4_0019,upcountry_tou,2025,9,False,450.7,328.3,27.7
case4_0019,upcountry_tou,2025,10,False,430.4,284.9,26.6
case4_0019,upcountry_tou,2025,11,False,407.0,258.9,24.0
case4_0019,upcountry_tou,2025,12,False,386.6,250.3,29.6
case4_0019,upcountry_tou,2026,1,False,344.5,296.7,25.0
case4_0019,upcountry_tou,2026,2,False,323.3,247.3,20.2
case4_0019,upcountry_tou,2026,3,False,352.7,333.2,25.5
case4_0019,upcountry_tou,2026,4,False,492.2,350.8,29.2
case4_0019,upcountry_tou,2026,5,False,421.7,300.9,30.3
case4_0019,upcountry_tou,2026,6,False,424.3,237.1,28.2
case4_0019,upcountry_tou,2026,7,False,422.9,324.7,24.0
case4_0019,upcountry_tou,2026,8,False,440.2,308.3,27.8
case4_0020,upcountry_tou,2024,3,True,128.6,278.3,12.8
case4_0020,upcountry_tou,2024,4,True,158.1,304.8,11.3
case4_0020,upcountry_tou,2024,5,True,179.9,302.4,13.4
case4_0020,upcountry_tou,2024,6,True,146.2,278.6,14.3
case4_0020,upcountry_tou,2024,7,True,143.6,351.0,14.2
case4_0020,upcountry_tou,2024,8,True,111.2,304.2,12.1
case4_0020,upcountry_tou,2024,9,True,168.4,301.0,13.9
case4_0020,upcountry_tou,2024,10,True,119.9,303.5,13.6
case4_0020,upcountry_tou,2024,11,True,111.2,205.5,12.5
case4_0020,upcountry_tou,2024,12,True,112.0,208.9,11.3
case4_0020,upcountry_tou,2025,1,True,78.2,236.2,11.0
case4_0020,upcountry_tou,2025,2,True,83.1,207.1,12.5
case4_0020,upcountry_tou,2025,3,True,116.4,306.9,14.3
case4_0020,upcountry_tou,2025,4,True,222.3,326.3,13.5
case4_0020,upcountry_tou,2025,5,True,121.8,337.5,14.1
case4_0020,upcountry_tou,2025,6,True,176.5,267.4,12.9
case4_0020,upcountry_tou,2025,7,True,113.0,319.7,14.1
case4_0020,upcountry_tou,2025,8,True,134.1,322.4,14.5
case4_0020,upcountry_tou,2025,9,True,165.3,269.9,11.5
case4_0020,upcountry_tou,2025,10,True,116.5,265.6,10.9
case4_0020,upcountry_tou,2025,11,True,75.3,252.0,9.1
case4_0020,upcountry_tou,2025,12,True,112.1,257.8,13.2
case4_0020,upcountry_tou,2026,1,True,114.2,264.0,12.6
case4_0020,upcountry_tou,2026,2,True,107.8,196.6,13.6
case4_0020,upcountry_tou,2026,3,True,111.2,241.1,15.3
case4_0020,upcountry_tou,2026,4,True,193.0,291.8,15.4
case4_0020,upcountry_tou,2026,5,True,131.9,287.3,13.9
case4_0020,upcountry_tou,2026,6,True,141.2,265.5,14.3
case4_0020,upcountry_tou,2026,7,True,160.3,271.9,11.5
case4_0020,upcountry_tou,2026,8,True,122.9,275.5,13.8
case4_0021,upcountry_tou,2024,3,False,151.2,136.5,15.0
case4_0021,upcountry_tou,2024,4,False,247.0,142.4,22.2
case4_0021,upcountry_tou,2024,5,False,198.9,177.6,18.6
case4_0021,upcountry_tou,2024,6,False,154.2,125.5,17.1
case4_0021,upcountry_tou,2024,7,False,153.2,110.2,17.9
case4_0021,upcountry_tou,2024,8,False,175.3,109.7,14.4
case4_0021,upcountry_tou,2024,9,False,146.4,144.8,18.1
case4_0021,upcountry_tou,2024,10,False,191.0,119.3,19.2
case4_0021,upcountry_tou,2024,11,False,125.3,89.7,14.5
case4_0021,upcountry_tou,2024,12,False,107.6,105.2,16.3
case4_0021,upcountry_tou,2025,1,False,119.6,94.1,15.2
case4_0021,upcountry_tou,2025,2,False,114.0,83.1,14.4
case4_0021,upcountry_tou,2025,3,False,120.5,116.3,17.4
case4_0021,upcountry_tou,2025,4,False,206.4,153.7,17.4
case4_0021,upcountry_tou,2025,5,False,204.2,149.5,16.8
case4_0021,upcountry_tou,2025,6,False,159.7,145.6,22.0
case4_0021,upcountry_tou,2025,7,False,183.0,142.3,17.3
case4_0021,upcountry_tou,2025,8,False,158.9,104.9,20.0
case4_0021,upcountry_tou,2025,9,False,186.3,129.6,21.0
case4_0021,upcountry_tou,2025,10,False,172.8,98.6,18.7
case4_0021,upcountry_tou,2025,11,False,128.3,130.6,15.4
case4_0021,upcountry_tou,2025,12,False,124.0,70.3,14.5
case4_0021,upcountry_tou,2026,1,False,107.3,99.0,16.8
case4_0021,upcountry_tou,2026,2,False,116.4,91.8,17.9
case4_0021,upcountry_tou,2026,3,False,129.6,140.5,24.4
case4_0021,upcountry_tou,2026,4,False,222.3,173.1,20.3
case4_0021,upcountry_tou,2026,5,False,195.6,169.1,25.3
case4_0021,upcountry_tou,2026,6,False,160.5,160.1,24.1
case4_0021,upcountry_tou,2026,7,False,149.4,131.7,20.6
case4_0021,upcountry_tou,2026,8,False,190.9,120.7,24.0
case4_0022,upcountry_tou,2024,3,True,83.6,125.1,9.2
case4_0022,upcountry_tou,2024,4,True,113.3,172.4,8.0
case4_0022,upcountry_tou,2024,5,True,95.8,156.0,9.1
case4_0022,upcountry_tou,2024,6,True,104.7,175.5,9.4
case4_0022,upcountry_tou,2024,7,True,84.8,156.8,9.3
case4_0022,upcountry_tou,2024,8,True,100.4,146.5,8.8
case4_0022,upcountry_tou,2024,9,True,89.2,127.5,7.9
case4_0022,upcountry_tou,2024,10,True,79.8,131.4,9.0
case4_0022,upcountry_tou,2024,11,True,66.8,80.1,6.7
case4_0022,upcountry_tou,2024,12,True,57.7,100.1,7.8
case4_0022,upcountry_tou,2025,1,True,64.2,104.7,7.9
case4_0022,upcountry_tou,2025,2,True,56.2,103.0,8.2
case4_0022,upcountry_tou,2025,3,True,84.5,103.4,7.4
case4_0022,upcountry_tou,2025,4,True,144.0,158.1,8.0
case4_0022,upcountry_tou,2025,5,True,104.0,150.7,9.1
case4_0022,upcountry_tou,2025,6,True,78.0,124.8,8.6
case4_0022,upcountry_tou,2025,7,True,103.9,142.1,7.9
case4_0022,upcountry_tou,2025,8,True,102.4,154.7,7.6
case4_0022,upcountry_tou,2025,9,True,67.8,151.2,7.8
case4_0022,upcountry_tou,2025,10,True,70.2,101.8,7.1
case4_0022,upcountry_tou,2025,11,True,58.5,81.8,6.7
case4_0022,upcountry_tou,2025,12,True,65.9,83.4,6.0
case4_0022,upcountry_tou,2026,1,True,59.5,94.5,6.2
case4_0022,upcountry_tou,2026,2,True,59.4,76.2,6.4
case4_0022,upcountry_tou,2026,3,True,75.1,124.1,6.1
case4_0022,upcountry_tou,2026,4,True,118.1,126.4,7.3
case4_0022,upcountry_tou,2026,5,True,94.5,145.0,8.8
case4_0022,upcountry_tou,2026,6,True,93.1,105.5,8.5
case4_0022,upcountry_tou,2026,7,True,75.5,136.9,7.6
case4_0022,upcountry_tou,2026,8,True,79.1,134.1,7.4
case4_0023,upcountry_tou,2024,3,False,170.1,107.3,7.7
case4_0023,upcountry_tou,2024,4,False,196.8,154.3,8.2
case4_0023,upcountry_tou,2024,5,False,193.9,131.7,8.6
case4_0023,upcountry_tou,2024,6,False,222.6,143.0,9.5
case4_0023,upcountry_tou,2024,7,False,203.6,137.8,10.0
case4_0023,upcountry_tou,2024,8,False,208.2,135.9,8.2
case4_0023,upcountry_tou,2024,9,False,188.9,136.5,8.3
case4_0023,upcountry_tou,2024,10,False,187.3,171.0,7.8
case4_0023,upcountry_tou,2024,11,False,181.6,140.6,7.2
case4_0023,upcountry_tou,2024,12,False,242.9,145.5,7.3
case4_0023,upcountry_tou,2025,1,False,169.8,163.4,7.2
case4_0023,upcountry_tou,2025,2,False,193.0,135.4,7.6
case4_0023,upcountry_tou,2025,3,False,208.8,104.7,7.8
case4_0023,upcountry_tou,2025,4,False,200.1,142.4,8.7
case4_0023,upcountry_tou,2025,5,False,166.4,175.9,9.0
case4_0023,upcountry_tou,2025,6,False,162.2,118.2,8.0
case4_0023,upcountry_tou,2025,7,False,169.3,135.4,7.9
case4_0023,upcountry_tou,2025,8,False,182.4,137.4,7.5
case4_0023,upcountry_tou,2025,9,False,203.8,119.6,7.8
case4_0023,upcountry_tou,2025,10,False,151.1,170.7,6.7
case4_0023,upcountry_tou,2025,11,False,153.4,149.9,7.0
case4_0023,upcountry_tou,2025,12,False,158.3,146.7,6.6
case4_0023,upcountry_tou,2026,1,False,184.2,118.4,7.0
case4_0023,upcountry_tou,2026,2,False,179.0,141.2,6.5
case4_0023,upcountry_tou,2026,3,False,154.6,148.0,8.1
case4_0023,upcountry_tou,2026,4,False,226.0,162.5,8.4
case4_0023,upcountry_tou,2026,5,False,198.8,136.9,7.7
case4_0023,upcountry_tou,2026,6,False,171.4,118.0,7.1
case4_0023,upcountry_tou,2026,7,False,182.7,112.5,7.5
case4_0023,upcountry_tou,2026,8,False,173.4,119.5,8.8
case4_0024,upcountry_tou,2024,3,False,790.8,318.6,4.7
case4_0024,upcountry_tou,2024,4,False,1099.3,313.9,4.4
case4_0024,upcountry_tou,2024,5,False,929.1,556.7,4.5
case4_0024,upcountry_tou,2024,6,False,875.7,404.7,4.5
case4_0024,upcountry_tou,2024,7,False,913.8,373.8,4.1
case4_0024,upcountry_tou,2024,8,False,796.2,417.1,4.1
case4_0024,upcountry_tou,2024,9,False,766.9,360.3,3.6
case4_0024,upcountry_tou,2024,10,False,717.7,388.6,3.7
case4_0024,upcountry_tou,2024,11,False,554.1,234.1,3.7
case4_0024,upcountry_tou,2024,12,False,540.8,239.9,3.5
case4_0024,upcountry_tou,2025,1,False,567.4,280.4,3.7
case4_0024,upcountry_tou,2025,2,False,596.3,312.8,3.5
case4_0024,upcountry_tou,2025,3,False,703.4,435.1,4.6
case4_0024,upcountry_tou,2025,4,False,980.0,388.3,5.1
case4_0024,upcountry_tou,2025,5,False,862.9,443.5,4.2
case4_0024,upcountry_tou,2025,6,False,913.0,438.8,4.7
case4_0024,upcountry_tou,2025,7,False,990.2,337.6,4.5
case4_0024,upcountry_tou,2025,8,False,873.7,292.4,4.7
case4_0024,upcountry_tou,2025,9,False,804.8,358.7,4.5
case4_0024,upcountry_tou,2025,10,False,707.9,377.0,4.1
case4_0024,upcountry_tou,2025,11,False,429.1,189.0,3.6
case4_0024,upcountry_tou,2025,12,False,384.7,182.1,3.8
case4_0024,upcountry_tou,2026,1,False,360.8,213.2,3.7
case4_0024,upcountry_tou,2026,2,False,380.1,176.7,4.0
case4_0024,upcountry_tou,2026,3,False,440.6,225.9,4.1
case4_0024,upcountry_tou,2026,4,False,707.5,306.3,4.1
case4_0024,upcountry_tou,2026,5,False,638.8,343.4,5.0
case4_0024,upcountry_tou,2026,6,False,673.8,250.8,5.0
case4_0024,upcountry_tou,2026,7,False,708.0,255.3,5.3
case4_0024,upcountry_tou,2026,8,False,627.2,312.8,4.2
case4_0025,upcountry_tou,2024,3,True,56.5,247.9,7.1
case4_0025,upcountry_tou,2024,4,True,151.7,394.5,6.8
case4_0025,upcountry_tou,2024,5,True,195.1,430.0,7.1
case4_0025,upcountry_tou,2024,6,True,142.9,460.3,7.8
case4_0025,upcountry_tou,2024,7,True,72.0,397.6,8.4
case4_0025,upcountry_tou,2024,8,True,114.5,364.8,7.1
case4_0025,upcountry_tou,2024,9,True,115.5,356.6,7.2
case4_0025,upcountry_tou,2024,10,True,134.8,321.4,6.8
case4_0025,upcountry_tou,2024,11,True,94.7,275.7,5.8
case4_0025,upcountry_tou,2024,12,True,72.3,279.5,5.4
case4_0025,upcountry_tou,2025,1,True,93.6,253.6,5.5
case4_0025,upcountry_tou,2025,2,True,106.6,242.4,6.5
case4_0025,upcountry_tou,2025,3,True,101.8,363.1,7.0
case4_0025,upcountry_tou,2025,4,True,124.2,369.5,7.1
case4_0025,upcountry_tou,2025,5,True,151.1,368.9,8.0
case4_0025,upcountry_tou,2025,6,True,181.8,377.2,7.0
case4_0025,upcountry_tou,2025,7,True,135.4,430.4,6.2
case4_0025,upcountry_tou,2025,8,True,120.6,338.9,6.7
case4_0025,upcountry_tou,2025,9,True,113.3,316.9,6.8
case4_0025,upcountry_tou,2025,10,True,94.3,326.7,7.3
case4_0025,upcountry_tou,2025,11,True,97.6,245.6,5.2
case4_0025,upcountry_tou,2025,12,True,89.3,267.3,5.1
case4_0025,upcountry_tou,2026,1,True,89.8,242.8,5.4
case4_0025,upcountry_tou,2026,2,True,64.7,279.0,6.3
case4_0025,upcountry_tou,2026,3,True,107.9,370.0,6.4
case4_0025,upcountry_tou,2026,4,True,212.8,438.1,7.1
case4_0025,upcountry_tou,2026,5,True,123.1,398.9,5.9
case4_0025,upcountry_tou,2026,6,True,157.9,397.4,7.1
case4_0025,upcountry_tou,2026,7,True,155.9,392.7,8.3
case4_0025,upcountry_tou,2026,8,True,129.6,395.2,7.6
case4_0026,upcountry_tou,2024,3,True,41.1,120.5,4.1
case4_0026,upcountry_tou,2024,4,True,44.0,136.3,4.8
case4_0026,upcountry_tou,2024,5,True,35.3,123.7,4.6
case4_0026,upcountry_tou,2024,6,True,50.8,150.8,4.0
case4_0026,upcountry_tou,2024,7,True,48.7,127.8,3.6
case4_0026,upcountry_tou,2024,8,True,40.0,124.3,3.2
case4_0026,upcountry_tou,2024,9,True,40.9,123.2,3.9
case4_0026,upcountry_tou,2024,10,True,51.9,138.7,3.1
case4_0026,upcountry_tou,2024,11,True,58.1,124.2,3.2
case4_0026,upcountry_tou,2024,12,True,50.6,133.1,3.0
case4_0026,upcountry_tou,2025,1,True,35.0,118.4,2.6
case4_0026,upcountry_tou,2025,2,True,40.5,103.5,3.0
case4_0026,upcountry_tou,2025,3,True,47.2,124.5,3.7
case4_0026,upcountry_tou,2025,4,True,35.7,167.0,4.8
case4_0026,upcountry_tou,2025,5,True,45.2,129.4,4.4
case4_0026,upcountry_tou,2025,6,True,51.3,164.1,4.3
case4_0026,upcountry_tou,2025,7,True,62.8,171.8,4.5
case4_0026,upcountry_tou,2025,8,True,56.8,130.2,4.3
case4_0026,upcountry_tou,2025,9,True,50.3,135.3,3.7
case4_0026,upcountry_tou,2025,10,True,42.6,132.7,3.5
case4_0026,upcountry_tou,2025,11,True,45.6,101.6,2.6
case4_0026,upcountry_tou,2025,12,True,43.5,121.2,3.1
case4_0026,upcountry_tou,2026,1,True,35.5,73.7,2.9
case4_0026,upcountry_tou,2026,2,True,33.7,116.7,2.8
case4_0026,upcountry_tou,2026,3,True,43.1,96.0,2.9
case4_0026,upcountry_tou,2026,4,True,32.9,122.5,3.3
case4_0026,upcountry_tou,2026,5,True,43.1,113.6,3.2
case4_0026,upcountry_tou,2026,6,True,58.2,127.7,3.9
case4_0026,upcountry_tou,2026,7,True,45.8,125.5,3.8
case4_0026,upcountry_tou,2026,8,True,37.8,138.5,3.6
case4_0027,upcountry_tou,2024,3,False,240.8,187.8,6.3
case4_0027,upcountry_tou,2024,4,False,288.3,226.0,8.1
case4_0027,upcountry_tou,2024,5,False,312.3,267.5,7.3
case4_0027,upcountry_tou,2024,6,False,267.9,227.2,6.6
case4_0027,upcountry_tou,2024,7,False,292.5,190.8,5.6
case4_0027,upcountry_tou,2024,8,False,231.2,206.0,5.8
case4_0027,upcountry_tou,2024,9,False,292.8,204.0,6.3
case4_0027,upcountry_tou,2024,10,False,341.8,219.1,6.1
case4_0027,upcountry_tou,2024,11,False,270.5,184.8,6.1
case4_0027,upcountry_tou,2024,12,False,210.4,188.7,5.1
case4_0027,upcountry_tou,2025,1,False,205.7,163.9,5.1
case4_0027,upcountry_tou,2025,2,False,281.2,191.7,3.7
case4_0027,upcountry_tou,2025,3,False,301.0,221.5,4.6
case4_0027,upcountry_tou,2025,4,False,344.2,246.6,6.0
case4_0027,upcountry_tou,2025,5,False,333.1,205.0,5.9
case4_0027,upcountry_tou,2025,6,False,231.4,249.2,7.2
case4_0027,upcountry_tou,2025,7,False,260.2,219.1,7.5
case4_0027,upcountry_tou,2025,8,False,272.1,211.4,7.2
case4_0027,upcountry_tou,2025,9,False,244.3,171.4,6.4
case4_0027,upcountry_tou,2025,10,False,263.5,204.8,5.6
case4_0027,upcountry_tou,2025,11,False,261.7,145.3,5.7
case4_0027,upcountry_tou,2025,12,False,180.4,201.2,4.9
case4_0027,upcountry_tou,2026,1,False,224.0,179.7,5.5
case4_0027,upcountry_tou,2026,2,False,249.3,151.4,4.9
case4_0027,upcountry_tou,2026,3,False,262.3,134.1,6.4
case4_0027,upcountry_tou,2026,4,False,221.0,188.4,6.2
case4_0027,upcountry_tou,2026,5,False,264.2,216.5,6.0
case4_0027,upcountry_tou,2026,6,False,259.9,233.0,6.5
case4_0027,upcountry_tou,2026,7,False,289.4,270.8,6.3
case4_0027,upcountry_tou,2026,8,False,270.5,196.7,6.5
case4_0028,upcountry_tou,2024,3,False,253.8,148.0,20.6
case4_0028,upcountry_tou,2024,4,False,344.1,119.7,26.1
case4_0028,upcountry_tou,2024,5,False,335.1,126.2,26.3
case4_0028,upcountry_tou,2024,6,False,332.3,150.6,24.4
case4_0028,upcountry_tou,2024,7,False,302.6,156.9,21.8
case4_0028,upcountry_tou,2024,8,False,255.6,122.7,24.1
case4_0028,upcountry_tou,2024,9,False,242.1,130.1,21.2
case4_0028,upcountry_tou,2024,10,False,288.3,124.5,22.7
case4_0028,upcountry_tou,2024,11,False,189.9,98.4,22.7
case4_0028,upcountry_tou,2024,12,False,187.9,91.8,22.1
case4_0028,upcountry_tou,2025,1,False,168.4,85.1,23.2
case4_0028,upcountry_tou,2025,2,False,153.2,86.2,22.1
case4_0028,upcountry_tou,2025,3,False,276.5,177.9,26.3
case4_0028,upcountry_tou,2025,4,False,354.9,120.7,30.6
case4_0028,upcountry_tou,2025,5,False,371.6,138.5,29.7
case4_0028,upcountry_tou,2025,6,False,329.5,139.3,31.0
case4_0028,upcountry_tou,2025,7,False,305.5,153.7,34.2
case4_0028,upcountry_tou,2025,8,False,283.0,194.9,27.7
case4_0028,upcountry_tou,2025,9,False,231.6,107.3,29.7
case4_0028,upcountry_tou,2025,10,False,296.9,122.7,29.5
case4_0028,upcountry_tou,2025,11,False,241.8,101.5,24.5
case4_0028,upcountry_tou,2025,12,False,238.2,121.1,21.2
case4_0028,upcountry_tou,2026,1,False,213.2,126.2,23.2
case4_0028,upcountry_tou,2026,2,False,201.5,122.7,18.1
case4_0028,upcountry_tou,2026,3,False,222.7,103.7,25.0
case4_0028,upcountry_tou,2026,4,False,268.2,161.8,30.8
case4_0028,upcountry_tou,2026,5,False,292.9,139.6,32.5
case4_0028,upcountry_tou,2026,6,False,232.9,121.9,27.8
case4_0028,upcountry_tou,2026,7,False,240.7,106.8,27.3
case4_0028,upcountry_tou,2026,8,False,252.5,125.9,32.1
case4_0029,upcountry_tou,2024,3,False,275.5,122.2,11.6
case4_0029,upcountry_tou,2024,4,False,358.4,100.3,15.1
case4_0029,upcountry_tou,2024,5,False,241.8,117.5,12.6
case4_0029,upcountry_tou,2024,6,False,274.7,82.9,11.4
case4_0029,upcountry_tou,2024,7,False,225.4,108.1,11.1
case4_0029,upcountry_tou,2024,8,False,228.9,127.2,12.3
case4_0029,upcountry_tou,2024,9,False,247.3,131.5,11.8
case4_0029,upcountry_tou,2024,10,False,214.6,96.0,9.4
case4_0029,upcountry_tou,2024,11,False,204.2,114.3,9.3
case4_0029,upcountry_tou,2024,12,False,200.0,88.3,9.3
case4_0029,upcountry_tou,2025,1,False,224.6,101.6,9.6
case4_0029,upcountry_tou,2025,2,False,193.4,92.9,10.8
case4_0029,upcountry_tou,2025,3,False,207.6,99.2,9.4
case4_0029,upcountry_tou,2025,4,False,250.2,115.8,16.2
case4_0029,upcountry_tou,2025,5,False,252.1,169.8,20.7
case4_0029,upcountry_tou,2025,6,False,270.8,114.8,16.7
case4_0029,upcountry_tou,2025,7,False,209.4,120.3,16.3
case4_0029,upcountry_tou,2025,8,False,210.2,119.2,18.4
case4_0029,upcountry_tou,2025,9,False,267.1,75.5,15.3
case4_0029,upcountry_tou,2025,10,False,205.9,83.7,17.2
case4_0029,upcountry_tou,2025,11,False,190.2,90.7,13.9
case4_0029,upcountry_tou,2025,12,False,209.7,81.9,15.4
case4_0029,upcountry_tou,2026,1,False,182.6,88.6,13.9
case4_0029,upcountry_tou,2026,2,False,209.5,95.2,12.4
case4_0029,upcountry_tou,2026,3,False,231.4,68.4,16.5
case4_0029,upcountry_tou,2026,4,False,216.2,140.1,20.3
case4_0029,upcountry_tou,2026,5,False,224.4,131.0,21.3
case4_0029,upcountry_tou,2026,6,False,265.0,109.6,20.6
case4_0029,upcountry_tou,2026,7,False,271.3,100.1,19.8
case4_0029,upcountry_tou,2026,8,False,201.8,79.3,17.6
case4_0030,upcountry_tou,2024,3,False,200.1,159.5,8.9
case4_0030,upcountry_tou,2024,4,False,209.1,131.9,12.4
case4_0030,upcountry_tou,2024,5,False,308.3,140.4,14.1
case4_0030,upcountry_tou,2024,6,False,287.5,180.2,13.3
case4_0030,upcountry_tou,2024,7,False,258.0,114.6,11.3
case4_0030,upcountry_tou,2024,8,False,188.8,135.4,11.3
case4_0030,upcountry_tou,2024,9,False,184.8,114.6,10.9
case4_0030,upcountry_tou,2024,10,False,219.2,119.9,10.9
case4_0030,upcountry_tou,2024,11,False,202.2,117.3,9.2
case4_0030,upcountry_tou,2024,12,False,170.7,124.5,7.5
case4_0030,upcountry_tou,2025,1,False,177.6,103.9,8.1
case4_0030,upcountry_tou,2025,2,False,167.8,102.8,9.4
case4_0030,upcountry_tou,2025,3,False,216.8,142.2,10.5
case4_0030,upcountry_tou,2025,4,False,274.4,161.9,11.9
case4_0030,upcountry_tou,2025,5,False,216.0,143.7,11.7
case4_0030,upcountry_tou,2025,6,False,202.7,122.9,11.9
case4_0030,upcountry_tou,2025,7,False,185.0,149.1,12.6
case4_0030,upcountry_tou,2025,8,False,147.3,157.7,12.2
case4_0030,upcountry_tou,2025,9,False,201.4,136.9,13.9
case4_0030,upcountry_tou,2025,10,False,180.2,141.5,12.2
case4_0030,upcountry_tou,2025,11,False,180.0,119.6,10.6
case4_0030,upcountry_tou,2025,12,False,222.1,94.1,9.8
case4_0030,upcountry_tou,2026,1,False,153.9,125.4,10.9
case4_0030,upcountry_tou,2026,2,False,159.9,95.7,11.6
case4_0030,upcountry_tou,2026,3,False,200.3,150.5,11.1
case4_0030,upcountry_tou,2026,4,False,251.8,141.3,11.2
case4_0030,upcountry_tou,2026,5,False,191.5,170.5,11.4
case4_0030,upcountry_tou,2026,6,False,208.6,104.2,12.0
case4_0030,upcountry_tou,2026,7,False,208.2,151.5,12.1
case4_0030,upcountry_tou,2026,8,False,226.7,127.7,10.3
case4_0031,upcountry_tou,2024,3,False,216.6,113.1,8.5
case4_0031,upcountry_tou,2024,4,False,245.7,136.8,10.4
case4_0031,upcountry_tou,2024,5,False,232.8,150.6,9.1
case4_0031,upcountry_tou,2024,6,False,187.3,117.5,7.9
case4_0031,upcountry_tou,2024,7,False,197.0,121.1,8.2
case4_0031,upcountry_tou,2024,8,False,188.0,140.8,9.1
case4_0031,upcountry_tou,2024,9,False,195.9,125.2,9.2
case4_0031,upcountry_tou,2024,10,False,143.6,123.8,7.2
case4_0031,upcountry_tou,2024,11,False,153.4,92.9,7.3
case4_0031,upcountry_tou,2024,12,False,170.8,103.8,8.1
case4_0031,upcountry_tou,2025,1,False,161.4,93.2,7.7
case4_0031,upcountry_tou,2025,2,False,173.0,139.2,7.0
case4_0031,upcountry_tou,2025,3,False,185.0,127.5,7.8
case4_0031,upcountry_tou,2025,4,False,180.0,124.9,6.7
case4_0031,upcountry_tou,2025,5,False,194.7,102.2,8.4
case4_0031,upcountry_tou,2025,6,False,191.3,124.9,8.9
case4_0031,upcountry_tou,2025,7,False,205.2,144.6,8.6
case4_0031,upcountry_tou,2025,8,False,191.0,146.7,8.0
case4_0031,upcountry_tou,2025,9,False,163.9,135.2,8.4
case4_0031,upcountry_tou,2025,10,False,178.3,126.9,10.0
case4_0031,upcountry_tou,2025,11,False,155.3,129.6,7.7
case4_0031,upcountry_tou,2025,12,False,195.1,140.6,5.9
case4_0031,upcountry_tou,2026,1,False,179.5,104.7,7.1
case4_0031,upcountry_tou,2026,2,False,165.5,105.3,7.5
case4_0031,upcountry_tou,2026,3,False,189.9,153.3,8.8
case4_0031,upcountry_tou,2026,4,False,228.9,115.0,10.2
case4_0031,upcountry_tou,2026,5,False,196.9,118.3,9.1
case4_0031,upcountry_tou,2026,6,False,201.2,121.7,8.4
case4_0031,upcountry_tou,2026,7,False,201.4,117.6,6.5
case4_0031,upcountry_tou,2026,8,False,182.6,123.9,8.8
case4_0032,upcountry_tou,2024,3,False,285.1,122.5,8.1
case4_0032,upcountry_tou,2024,4,False,304.3,139.4,9.8
case4_0032,upcountry_tou,2024,5,False,346.4,159.5,8.7
case4_0032,upcountry_tou,2024,6,False,333.2,197.6,9.5
case4_0032,upcountry_tou,2024,7,False,349.4,150.9,7.5
case4_0032,upcountry_tou,2024,8,False,331.6,151.5,6.2
case4_0032,upcountry_tou,2024,9,False,220.3,174.5,6.9
case4_0032,upcountry_tou,2024,10,False,260.8,161.0,6.2
case4_0032,upcountry_tou,2024,11,False,188.4,109.4,5.4
case4_0032,upcountry_tou,2024,12,False,209.5,129.1,6.6
case4_0032,upcountry_tou,2025,1,False,191.8,105.8,6.9
case4_0032,upcountry_tou,2025,2,False,185.2,112.1,7.3
case4_0032,upcountry_tou,2025,3,False,256.3,151.9,6.2
case4_0032,upcountry_tou,2025,4,False,283.7,164.5,8.3
case4_0032,upcountry_tou,2025,5,False,319.5,190.8,7.7
case4_0032,upcountry_tou,2025,6,False,311.8,166.7,8.4
case4_0032,upcountry_tou,2025,7,False,324.9,160.2,8.7
case4_0032,upcountry_tou,2025,8,False,304.2,182.3,7.1
case4_0032,upcountry_tou,2025,9,False,299.2,174.2,6.2
case4_0032,upcountry_tou,2025,10,False,264.8,155.5,6.7
case4_0032,upcountry_tou,2025,11,False,200.8,101.3,6.2
case4_0032,upcountry_tou,2025,12,False,194.1,95.3,7.2
case4_0032,upcountry_tou,2026,1,False,179.1,110.1,6.5
case4_0032,upcountry_tou,2026,2,False,169.7,102.2,6.2
case4_0032,upcountry_tou,2026,3,False,247.4,140.9,7.5
case4_0032,upcountry_tou,2026,4,False,383.3,256.6,8.3
case4_0032,upcountry_tou,2026,5,False,382.4,214.9,7.8
case4_0032,upcountry_tou,2026,6,False,308.1,179.0,7.8
case4_0032,upcountry_tou,2026,7,False,344.7,164.7,8.3
case4_0032,upcountry_tou,2026,8,False,273.7,182.3,8.4
case4_0033,upcountry_tou,2024,3,False,93.4,93.9,9.7
case4_0033,upcountry_tou,2024,4,False,132.7,88.2,9.4
case4_0033,upcountry_tou,2024,5,False,104.5,82.6,9.6
case4_0033,upcountry_tou,2024,6,False,112.6,84.9,11.1
case4_0033,upcountry_tou,2024,7,False,103.6,95.0,11.0
case4_0033,upcountry_tou,2024,8,False,110.4,93.4,10.9
case4_0033,upcountry_tou,2024,9,False,78.3,78.3,10.0
case4_0033,upcountry_tou,2024,10,False,71.2,72.7,10.6
case4_0033,upcountry_tou,2024,11,False,75.2,51.9,9.0
case4_0033,upcountry_tou,2024,12,False,76.7,68.3,8.9
case4_0033,upcountry_tou,2025,1,False,63.7,69.9,9.7
case4_0033,upcountry_tou,2025,2,False,82.7,67.4,8.8
case4_0033,upcountry_tou,2025,3,False,107.1,76.9,8.9
case4_0033,upcountry_tou,2025,4,False,105.7,82.4,10.3
case4_0033,upcountry_tou,2025,5,False,95.6,75.5,10.6
case4_0033,upcountry_tou,2025,6,False,80.2,72.5,10.1
case4_0033,upcountry_tou,2025,7,False,109.1,71.8,8.6
case4_0033,upcountry_tou,2025,8,False,107.5,91.5,9.6
case4_0033,upcountry_tou,2025,9,False,91.8,79.2,9.2
case4_0033,upcountry_tou,2025,10,False,87.0,80.0,8.1
case4_0033,upcountry_tou,2025,11,False,80.9,56.4,8.1
case4_0033,upcountry_tou,2025,12,False,92.9,70.2,5.7
case4_0033,upcountry_tou,2026,1,False,80.8,60.1,7.5
case4_0033,upcountry_tou,2026,2,False,69.7,65.6,8.4
case4_0033,upcountry_tou,2026,3,False,111.4,85.8,10.6
case4_0033,upcountry_tou,2026,4,False,141.6,105.2,11.3
case4_0033,upcountry_tou,2026,5,False,85.7,119.4,11.0
case4_0033,upcountry_tou,2026,6,False,95.0,90.9,9.1
case4_0033,upcountry_tou,2026,7,False,100.8,83.9,12.3
case4_0033,upcountry_tou,2026,8,False,96.0,71.6,10.7
case4_0034,upcountry_tou,2024,3,False,179.9,99.0,17.2
case4_0034,upcountry_tou,2024,4,False,166.9,121.6,20.8
case4_0034,upcountry_tou,2024,5,False,162.4,116.1,17.4
case4_0034,upcountry_tou,2024,6,False,183.2,109.2,19.2
case4_0034,upcountry_tou,2024,7,False,141.5,116.6,19.1
case4_0034,upcountry_tou,2024,8,False,159.2,83.1,17.1
case4_0034,upcountry_tou,2024,9,False,161.3,112.8,18.9
case4_0034,upcountry_tou,2024,10,False,157.5,108.6,15.9
case4_0034,upcountry_tou,2024,11,False,128.3,80.6,16.3
case4_0034,upcountry_tou,2024,12,False,124.5,88.4,14.3
case4_0034,upcountry_tou,2025,1,False,136.6,83.4,13.1
case4_0034,upcountry_tou,2025,2,False,149.9,77.9,13.9
case4_0034,upcountry_tou,2025,3,False,168.0,81.7,15.8
case4_0034,upcountry_tou,2025,4,False,227.6,115.4,19.7
case4_0034,upcountry_tou,2025,5,False,188.6,112.3,19.7
case4_0034,upcountry_tou,2025,6,False,160.1,111.0,18.4
case4_0034,upcountry_tou,2025,7,False,154.3,98.1,20.0
case4_0034,upcountry_tou,2025,8,False,184.6,93.3,18.8
case4_0034,upcountry_tou,2025,9,False,154.9,89.8,17.3
case4_0034,upcountry_tou,2025,10,False,146.2,92.7,15.2
case4_0034,upcountry_tou,2025,11,False,123.8,92.2,11.6
case4_0034,upcountry_tou,2025,12,False,138.4,92.0,15.6
case4_0034,upcountry_tou,2026,1,False,136.3,87.8,14.9
case4_0034,upcountry_tou,2026,2,False,113.8,79.2,14.7
case4_0034,upcountry_tou,2026,3,False,128.3,85.3,18.0
case4_0034,upcountry_tou,2026,4,False,158.3,115.9,17.3
case4_0034,upcountry_tou,2026,5,False,155.6,83.5,17.8
case4_0034,upcountry_tou,2026,6,False,141.1,76.9,16.8
case4_0034,upcountry_tou,2026,7,False,181.6,78.2,18.6
case4_0034,upcountry_tou,2026,8,False,181.1,95.0,17.4
case4_0035,upcountry_tou,2024,3,False,258.0,138.2,5.9
case4_0035,upcountry_tou,2024,4,False,322.5,158.2,6.5
case4_0035,upcountry_tou,2024,5,False,378.8,182.4,6.1
case4_0035,upcountry_tou,2024,6,False,357.2,158.4,6.0
case4_0035,upcountry_tou,2024,7,False,253.5,136.5,6.0
case4_0035,upcountry_tou,2024,8,False,252.8,178.1,5.2
case4_0035,upcountry_tou,2024,9,False,275.8,158.4,5.0
case4_0035,upcountry_tou,2024,10,False,290.2,143.6,4.5
case4_0035,upcountry_tou,2024,11,False,210.0,156.6,6.0
case4_0035,upcountry_tou,2024,12,False,225.2,133.6,5.3
case4_0035,upcountry_tou,2025,1,False,220.3,138.4,4.8
case4_0035,upcountry_tou,2025,2,False,216.0,117.6,5.3
case4_0035,upcountry_tou,2025,3,False,250.7,128.9,5.5
case4_0035,upcountry_tou,2025,4,False,274.9,193.8,6.0
case4_0035,upcountry_tou,2025,5,False,368.9,168.8,5.1
case4_0035,upcountry_tou,2025,6,False,333.9,148.2,5.5
case4_0035,upcountry_tou,2025,7,False,298.9,139.9,4.9
case4_0035,upcountry_tou,2025,8,False,263.0,129.7,4.7
case4_0035,upcountry_tou,2025,9,False,259.7,124.6,5.9
case4_0035,upcountry_tou,2025,10,False,240.6,96.1,5.7
case4_0035,upcountry_tou,2025,11,False,201.0,89.4,5.0
case4_0035,upcountry_tou,2025,12,False,159.3,108.7,4.5
case4_0035,upcountry_tou,2026,1,False,164.4,74.1,4.8
case4_0035,upcountry_tou,2026,2,False,174.6,83.1,3.8
case4_0035,upcountry_tou,2026,3,False,271.8,133.2,5.0
case4_0035,upcountry_tou,2026,4,False,222.5,169.8,5.2
case4_0035,upcountry_tou,2026,5,False,250.7,159.7,5.0
case4_0035,upcountry_tou,2026,6,False,237.3,173.0,4.4
case4_0035,upcountry_tou,2026,7,False,232.2,115.8,5.3
case4_0035,upcountry_tou,2026,8,False,244.3,111.5,5.4
case4_0036,upcountry_tou,2024,3,False,437.2,258.7,7.2
case4_0036,upcountry_tou,2024,4,False,541.6,290.5,6.9
case4_0036,upcountry_tou,2024,5,False,484.3,243.7,6.2
case4_0036,upcountry_tou,2024,6,False,480.7,321.1,6.8
case4_0036,upcountry_tou,2024,7,False,500.1,367.4,7.1
case4_0036,upcountry_tou,2024,8,False,471.9,332.3,6.8
case4_0036,upcountry_tou,2024,9,False,387.5,283.8,6.9
case4_0036,upcountry_tou,2024,10,False,392.6,219.7,7.0
case4_0036,upcountry_tou,2024,11,False,407.6,265.3,5.6
case4_0036,upcountry_tou,2024,12,False,322.1,254.3,6.7
case4_0036,upcountry_tou,2025,1,False,386.1,217.1,6.8
case4_0036,upcountry_tou,2025,2,False,381.0,209.7,6.5
case4_0036,upcountry_tou,2025,3,False,502.5,277.4,8.2
case4_0036,upcountry_tou,2025,4,False,545.9,370.5,8.9
case4_0036,upcountry_tou,2025,5,False,537.7,251.5,7.6
case4_0036,upcountry_tou,2025,6,False,486.1,302.4,6.8
case4_0036,upcountry_tou,2025,7,False,391.8,288.4,7.6
case4_0036,upcountry_tou,2025,8,False,427.8,270.1,8.0
case4_0036,upcountry_tou,2025,9,False,412.5,245.5,6.6
case4_0036,upcountry_tou,2025,10,False,452.5,268.0,6.4
case4_0036,upcountry_tou,2025,11,False,341.2,250.8,5.6
case4_0036,upcountry_tou,2025,12,False,340.0,202.3,4.4
case4_0036,upcountry_tou,2026,1,False,386.4,250.0,6.0
case4_0036,upcountry_tou,2026,2,False,360.0,265.0,6.7
case4_0036,upcountry_tou,2026,3,False,391.8,215.6,7.0
case4_0036,upcountry_tou,2026,4,False,506.4,312.8,8.2
case4_0036,upcountry_tou,2026,5,False,502.8,251.1,8.2
case4_0036,upcountry_tou,2026,6,False,520.7,282.7,7.7
case4_0036,upcountry_tou,2026,7,False,545.2,317.1,8.2
case4_0036,upcountry_tou,2026,8,False,428.9,322.7,7.6
case4_0037,upcountry_tou,2024,3,False,417.6,272.5,6.5
case4_0037,upcountry_tou,2024,4,False,480.1,257.9,5.4
case4_0037,upcountry_tou,2024,5,False,471.4,310.4,5.5
case4_0037,upcountry_tou,2024,6,False,557.9,283.0,6.1
case4_0037,upcountry_tou,2024,7,False,389.0,315.6,6.0
case4_0037,upcountry_tou,2024,8,False,324.7,286.0,5.4
case4_0037,upcountry_tou,2024,9,False,375.0,333.8,5.9
case4_0037,upcountry_tou,2024,10,False,352.6,304.8,5.0
case4_0037,upcountry_tou,2024,11,False,325.0,206.2,5.8
case4_0037,upcountry_tou,2024,12,False,393.2,226.6,4.8
case4_0037,upcountry_tou,2025,1,False,298.9,250.4,5.9
case4_0037,upcountry_tou,2025,2,False,308.8,203.5,4.9
case4_0037,upcountry_tou,2025,3,False,370.8,221.6,4.9
case4_0037,upcountry_tou,2025,4,False,371.0,315.1,5.7
case4_0037,upcountry_tou,2025,5,False,383.1,260.6,6.6
case4_0037,upcountry_tou,2025,6,False,304.7,306.3,6.2
case4_0037,upcountry_tou,2025,7,False,497.7,256.8,5.9
case4_0037,upcountry_tou,2025,8,False,395.0,302.4,6.3
case4_0037,upcountry_tou,2025,9,False,354.3,235.3,6.8
case4_0037,upcountry_tou,2025,10,False,325.9,252.4,6.4
case4_0037,upcountry_tou,2025,11,False,244.0,198.6,5.9
case4_0037,upcountry_tou,2025,12,False,327.0,157.2,6.3
case4_0037,upcountry_tou,2026,1,False,315.8,217.3,5.1
case4_0037,upcountry_tou,2026,2,False,303.0,180.8,5.5
case4_0037,upcountry_tou,2026,3,False,358.8,220.6,5.7
case4_0037,upcountry_tou,2026,4,False,438.4,266.3,7.8
case4_0037,upcountry_tou,2026,5,False,386.6,268.5,7.2
case4_0037,upcountry_tou,2026,6,False,430.3,168.2,8.0
case4_0037,upcountry_tou,2026,7,False,349.1,315.7,6.8
case4_0037,upcountry_tou,2026,8,False,348.4,265.8,7.0
case4_0038,upcountry_tou,2024,3,True,440.9,768.2,6.8
case4_0038,upcountry_tou,2024,4,True,543.4,1107.2,9.4
case4_0038,upcountry_tou,2024,5,True,629.4,1046.6,9.7
case4_0038,upcountry_tou,2024,6,True,706.9,760.7,7.6
case4_0038,upcountry_tou,2024,7,True,575.0,861.7,8.7
case4_0038,upcountry_tou,2024,8,True,536.2,816.8,8.6
case4_0038,upcountry_tou,2024,9,True,472.9,736.2,9.5
case4_0038,upcountry_tou,2024,10,True,584.1,749.2,9.5
case4_0038,upcountry_tou,2024,11,True,393.8,631.9,8.3
case4_0038,upcountry_tou,2024,12,True,380.6,642.5,9.8
case4_0038,upcountry_tou,2025,1,True,371.6,586.1,8.5
case4_0038,upcountry_tou,2025,2,True,396.0,683.5,7.4
case4_0038,upcountry_tou,2025,3,True,443.6,749.4,8.7
case4_0038,upcountry_tou,2025,4,True,635.3,844.9,9.7
case4_0038,upcountry_tou,2025,5,True,588.1,1020.1,10.1
case4_0038,upcountry_tou,2025,6,True,738.5,966.0,10.1
case4_0038,upcountry_tou,2025,7,True,442.1,995.2,10.3
case4_0038,upcountry_tou,2025,8,True,672.5,963.1,8.6
case4_0038,upcountry_tou,2025,9,True,677.1,899.5,7.4
case4_0038,upcountry_tou,2025,10,True,575.8,841.4,7.5
case4_0038,upcountry_tou,2025,11,True,388.5,664.6,7.1
case4_0038,upcountry_tou,2025,12,True,398.1,538.4,8.7
case4_0038,upcountry_tou,2026,1,True,275.0,604.4,10.0
case4_0038,upcountry_tou,2026,2,True,309.0,543.9,9.7
case4_0038,upcountry_tou,2026,3,True,439.1,879.8,11.2
case4_0038,upcountry_tou,2026,4,True,534.6,872.4,12.4
case4_0038,upcountry_tou,2026,5,True,544.0,695.3,13.2
case4_0038,upcountry_tou,2026,6,True,707.9,930.2,11.4
case4_0038,upcountry_tou,2026,7,True,602.0,903.6,9.6
case4_0038,upcountry_tou,2026,8,True,531.6,745.8,9.5
case4_0039,upcountry_tou,2024,3,True,414.5,464.2,39.2
case4_0039,upcountry_tou,2024,4,True,312.7,582.4,38.7
case4_0039,upcountry_tou,2024,5,True,330.6,530.8,39.8
case4_0039,upcountry_tou,2024,6,True,356.9,646.4,39.2
case4_0039,upcountry_tou,2024,7,True,415.2,461.5,42.9
case4_0039,upcountry_tou,2024,8,True,341.0,613.5,41.3
case4_0039,upcountry_tou,2024,9,True,327.7,542.0,34.6
case4_0039,upcountry_tou,2024,10,True,361.0,502.3,41.8
case4_0039,upcountry_tou,2024,11,True,269.9,559.0,37.2
case4_0039,upcountry_tou,2024,12,True,325.6,459.4,41.1
case4_0039,upcountry_tou,2025,1,True,333.4,486.7,31.2
case4_0039,upcountry_tou,2025,2,True,254.6,639.0,32.1
case4_0039,upcountry_tou,2025,3,True,377.7,545.6,30.7
case4_0039,upcountry_tou,2025,4,True,397.3,638.8,38.8
case4_0039,upcountry_tou,2025,5,True,404.9,658.2,48.2
case4_0039,upcountry_tou,2025,6,True,410.7,660.1,44.1
case4_0039,upcountry_tou,2025,7,True,363.9,563.1,34.2
case4_0039,upcountry_tou,2025,8,True,326.2,595.6,37.5
case4_0039,upcountry_tou,2025,9,True,367.5,567.8,33.1
case4_0039,upcountry_tou,2025,10,True,325.0,623.9,35.2
case4_0039,upcountry_tou,2025,11,True,216.4,507.0,31.3
case4_0039,upcountry_tou,2025,12,True,309.6,555.9,31.0
case4_0039,upcountry_tou,2026,1,True,375.1,525.8,29.0
case4_0039,upcountry_tou,2026,2,True,334.1,559.8,26.6
case4_0039,upcountry_tou,2026,3,True,308.2,674.9,27.9
case4_0039,upcountry_tou,2026,4,True,404.2,609.9,38.7
case4_0039,upcountry_tou,2026,5,True,415.3,498.0,33.6
case4_0039,upcountry_tou,2026,6,True,405.0,468.7,39.0
case4_0039,upcountry_tou,2026,7,True,289.7,560.4,37.2
case4_0039,upcountry_tou,2026,8,True,264.7,598.6,34.6
case4_0040,upcountry_tou,2024,3,False,106.9,76.3,31.4
case4_0040,upcountry_tou,2024,4,False,92.5,77.6,28.4
case4_0040,upcountry_tou,2024,5,False,111.0,85.8,28.1
case4_0040,upcountry_tou,2024,6,False,144.1,83.6,25.6
case4_0040,upcountry_tou,2024,7,False,99.0,91.1,30.2
case4_0040,upcountry_tou,2024,8,False,132.9,95.1,33.7
case4_0040,upcountry_tou,2024,9,False,120.7,80.9,35.4
case4_0040,upcountry_tou,2024,10,False,108.6,61.1,30.3
case4_0040,upcountry_tou,2024,11,False,73.6,45.1,31.1
case4_0040,upcountry_tou,2024,12,False,68.3,49.4,27.5
case4_0040,upcountry_tou,2025,1,False,66.6,44.8,18.4
case4_0040,upcountry_tou,2025,2,False,84.7,52.1,23.0
case4_0040,upcountry_tou,2025,3,False,113.4,70.4,28.2
case4_0040,upcountry_tou,2025,4,False,156.6,85.8,30.0
case4_0040,upcountry_tou,2025,5,False,124.9,81.7,26.4
case4_0040,upcountry_tou,2025,6,False,127.0,92.0,22.7
case4_0040,upcountry_tou,2025,7,False,105.4,72.6,26.8
case4_0040,upcountry_tou,2025,8,False,90.8,89.4,24.6
case4_0040,upcountry_tou,2025,9,False,110.2,74.8,24.1
case4_0040,upcountry_tou,2025,10,False,101.2,65.0,26.9
case4_0040,upcountry_tou,2025,11,False,83.4,40.5,26.7
case4_0040,upcountry_tou,2025,12,False,103.0,50.9,22.3
case4_0040,upcountry_tou,2026,1,False,91.3,63.7,24.8
case4_0040,upcountry_tou,2026,2,False,83.9,66.0,25.3
case4_0040,upcountry_tou,2026,3,False,95.8,70.4,26.4
case4_0040,upcountry_tou,2026,4,False,149.1,89.8,28.5
case4_0040,upcountry_tou,2026,5,False,115.3,94.9,26.5
case4_0040,upcountry_tou,2026,6,False,127.9,80.4,32.1
case4_0040,upcountry_tou,2026,7,False,127.0,79.9,32.9
case4_0040,upcountry_tou,2026,8,False,107.8,92.7,30.3
case4_0041,upcountry_tou,2024,3,False,343.2,220.6,29.9
case4_0041,upcountry_tou,2024,4,False,375.5,284.5,34.9
case4_0041,upcountry_tou,2024,5,False,394.9,315.6,31.4
case4_0041,upcountry_tou,2024,6,False,531.4,327.8,29.9
case4_0041,upcountry_tou,2024,7,False,449.7,276.1,29.1
case4_0041,upcountry_tou,2024,8,False,447.6,217.4,29.4
case4_0041,upcountry_tou,2024,9,False,325.9,210.9,30.0
case4_0041,upcountry_tou,2024,10,False,348.4,259.9,33.4
case4_0041,upcountry_tou,2024,11,False,348.7,228.3,24.3
case4_0041,upcountry_tou,2024,12,False,381.6,233.6,21.7
case4_0041,upcountry_tou,2025,1,False,324.8,260.0,22.7
case4_0041,upcountry_tou,2025,2,False,308.7,243.8,23.0
case4_0041,upcountry_tou,2025,3,False,324.8,236.6,27.7
case4_0041,upcountry_tou,2025,4,False,410.2,272.2,27.9
case4_0041,upcountry_tou,2025,5,False,289.6,209.7,30.1
case4_0041,upcountry_tou,2025,6,False,440.6,308.9,33.2
case4_0041,upcountry_tou,2025,7,False,460.2,273.9,29.6
case4_0041,upcountry_tou,2025,8,False,313.1,312.5,32.2
case4_0041,upcountry_tou,2025,9,False,325.9,192.0,32.5
case4_0041,upcountry_tou,2025,10,False,339.0,229.8,30.2
case4_0041,upcountry_tou,2025,11,False,287.7,199.0,30.6
case4_0041,upcountry_tou,2025,12,False,348.3,215.7,25.2
case4_0041,upcountry_tou,2026,1,False,311.0,234.9,24.1
case4_0041,upcountry_tou,2026,2,False,334.8,212.4,25.6
case4_0041,upcountry_tou,2026,3,False,364.9,311.9,31.5
case4_0041,upcountry_tou,2026,4,False,470.9,225.8,35.9
case4_0041,upcountry_tou,2026,5,False,326.9,228.0,30.2
case4_0041,upcountry_tou,2026,6,False,345.5,241.8,30.7
case4_0041,upcountry_tou,2026,7,False,462.9,240.2,31.7
case4_0041,upcountry_tou,2026,8,False,322.6,276.4,27.0
case4_0042,upcountry_tou,2024,3,False,562.6,281.8,5.0
case4_0042,upcountry_tou,2024,4,False,570.9,343.1,5.1
case4_0042,upcountry_tou,2024,5,False,690.6,270.5,5.3
case4_0042,upcountry_tou,2024,6,False,683.4,370.5,5.1
case4_0042,upcountry_tou,2024,7,False,689.5,271.4,5.4
case4_0042,upcountry_tou,2024,8,False,635.0,208.8,5.6
case4_0042,upcountry_tou,2024,9,False,552.8,326.8,4.5
case4_0042,upcountry_tou,2024,10,False,460.9,288.1,4.3
case4_0042,upcountry_tou,2024,11,False,328.1,183.2,3.9
case4_0042,upcountry_tou,2024,12,False,416.2,178.2,4.7
case4_0042,upcountry_tou,2025,1,False,479.4,251.4,4.2
case4_0042,upcountry_tou,2025,2,False,454.6,162.6,4.1
case4_0042,upcountry_tou,2025,3,False,685.3,297.8,4.9
case4_0042,upcountry_tou,2025,4,False,598.9,330.6,6.2
case4_0042,upcountry_tou,2025,5,False,655.2,329.7,5.2
case4_0042,upcountry_tou,2025,6,False,690.9,183.8,5.2
case4_0042,upcountry_tou,2025,7,False,720.1,236.3,4.9
case4_0042,upcountry_tou,2025,8,False,580.3,259.3,5.9
case4_0042,upcountry_tou,2025,9,False,572.8,251.4,5.3
case4_0042,upcountry_tou,2025,10,False,529.9,231.1,5.2
case4_0042,upcountry_tou,2025,11,False,384.5,168.7,5.0
case4_0042,upcountry_tou,2025,12,False,378.5,193.8,4.7
case4_0042,upcountry_tou,2026,1,False,421.3,212.3,4.8
case4_0042,upcountry_tou,2026,2,False,376.3,185.4,5.6
case4_0042,upcountry_tou,2026,3,False,534.9,193.8,6.5
case4_0042,upcountry_tou,2026,4,False,619.7,230.1,6.2
case4_0042,upcountry_tou,2026,5,False,724.9,323.1,4.9
case4_0042,upcountry_tou,2026,6,False,601.8,345.9,5.3
case4_0042,upcountry_tou,2026,7,False,671.4,279.0,6.7
case4_0042,upcountry_tou,2026,8,False,581.9,262.3,6.5
case4_0043,upcountry_tou,2024,3,False,272.0,207.1,5.4
case4_0043,upcountry_tou,2024,4,False,386.0,258.7,4.4
case4_0043,upcountry_tou,2024,5,False,364.5,247.2,4.5
case4_0043,upcountry_tou,2024,6,False,383.2,264.9,4.9
case4_0043,upcountry_tou,2024,7,False,393.1,233.9,4.2
case4_0043,upcountry_tou,2024,8,False,354.6,277.8,5.0
case4_0043,upcountry_tou,2024,9,False,293.0,238.5,4.5
case4_0043,upcountry_tou,2024,10,False,323.2,251.2,4.6
case4_0043,upcountry_tou,2024,11,False,254.7,185.3,4.0
case4_0043,upcountry_tou,2024,12,False,235.0,201.5,3.6
case4_0043,upcountry_tou,2025,1,False,204.7,163.1,4.0
case4_0043,upcountry_tou,2025,2,False,257.0,149.0,4.1
case4_0043,upcountry_tou,2025,3,False,320.2,227.5,4.7
case4_0043,upcountry_tou,2025,4,False,470.8,315.7,5.4
case4_0043,upcountry_tou,2025,5,False,389.7,298.8,5.2
case4_0043,upcountry_tou,2025,6,False,319.4,298.7,5.2
case4_0043,upcountry_tou,2025,7,False,328.5,284.4,4.1
case4_0043,upcountry_tou,2025,8,False,388.9,268.7,5.1
case4_0043,upcountry_tou,2025,9,False,349.9,224.7,4.8
case4_0043,upcountry_tou,2025,10,False,259.9,224.9,4.0
case4_0043,upcountry_tou,2025,11,False,223.3,158.6,3.5
case4_0043,upcountry_tou,2025,12,False,234.0,163.1,4.6
case4_0043,upcountry_tou,2026,1,False,249.1,173.3,3.9
case4_0043,upcountry_tou,2026,2,False,233.4,155.6,3.6
case4_0043,upcountry_tou,2026,3,False,357.6,202.6,5.0
case4_0043,upcountry_tou,2026,4,False,453.0,267.3,5.7
case4_0043,upcountry_tou,2026,5,False,388.0,303.4,5.9
case4_0043,upcountry_tou,2026,6,False,407.7,267.8,5.5
case4_0043,upcountry_tou,2026,7,False,307.5,226.8,6.1
case4_0043,upcountry_tou,2026,8,False,316.4,267.4,5.5
case4_0044,upcountry_tou,2024,3,False,97.8,79.0,17.9
case4_0044,upcountry_tou,2024,4,False,119.6,95.9,19.9
case4_0044,upcountry_tou,2024,5,False,114.9,82.7,17.9
case4_0044,upcountry_tou,2024,6,False,88.8,74.3,17.3
case4_0044,upcountry_tou,2024,7,False,89.3,90.0,18.5
case4_0044,upcountry_tou,2024,8,False,95.1,68.5,17.9
case4_0044,upcountry_tou,2024,9,False,104.8,57.4,18.5
case4_0044,upcountry_tou,2024,10,False,92.6,62.4,15.7
case4_0044,upcountry_tou,2024,11,False,88.4,56.1,16.8
case4_0044,upcountry_tou,2024,12,False,83.9,48.9,14.0
case4_0044,upcountry_tou,2025,1,False,82.7,55.8,16.6
case4_0044,upcountry_tou,2025,2,False,78.2,55.6,15.5
case4_0044,upcountry_tou,2025,3,False,99.2,60.0,19.5
case4_0044,upcountry_tou,2025,4,False,105.9,74.4,23.5
case4_0044,upcountry_tou,2025,5,False,104.5,66.4,23.7
case4_0044,upcountry_tou,2025,6,False,95.8,86.3,22.9
case4_0044,upcountry_tou,2025,7,False,104.1,71.1,22.5
case4_0044,upcountry_tou,2025,8,False,107.1,57.2,21.7
case4_0044,upcountry_tou,2025,9,False,105.0,59.8,21.3
case4_0044,upcountry_tou,2025,10,False,88.3,43.9,18.7
case4_0044,upcountry_tou,2025,11,False,84.7,63.0,19.5
case4_0044,upcountry_tou,2025,12,False,79.2,62.9,19.5
case4_0044,upcountry_tou,2026,1,False,72.4,53.9,17.4
case4_0044,upcountry_tou,2026,2,False,75.3,50.0,17.1
case4_0044,upcountry_tou,2026,3,False,79.5,55.2,19.7
case4_0044,upcountry_tou,2026,4,False,99.3,57.9,23.9
case4_0044,upcountry_tou,2026,5,False,92.5,62.8,22.4
case4_0044,upcountry_tou,2026,6,False,101.4,70.4,23.7
case4_0044,upcountry_tou,2026,7,False,83.3,75.3,24.2
case4_0044,upcountry_tou,2026,8,False,95.0,68.7,22.0
case4_0045,upcountry_tou,2024,3,False,233.9,215.4,5.4
case4_0045,upcountry_tou,2024,4,False,295.9,184.0,6.2
case4_0045,upcountry_tou,2024,5,False,253.7,184.9,4.7
case4_0045,upcountry_tou,2024,6,False,248.6,216.8,5.6
case4_0045,upcountry_tou,2024,7,False,206.8,149.4,6.3
case4_0045,upcountry_tou,2024,8,False,230.6,162.8,5.8
case4_0045,upcountry_tou,2024,9,False,173.5,142.5,5.7
case4_0045,upcountry_tou,2024,10,False,165.3,129.8,6.1
case4_0045,upcountry_tou,2024,11,False,138.8,118.6,5.3
case4_0045,upcountry_tou,2024,12,False,172.4,116.6,5.6
case4_0045,upcountry_tou,2025,1,False,186.2,176.0,5.1
case4_0045,upcountry_tou,2025,2,False,225.0,160.6,5.3
case4_0045,upcountry_tou,2025,3,False,208.2,180.0,5.5
case4_0045,upcountry_tou,2025,4,False,188.8,199.7,6.5
case4_0045,upcountry_tou,2025,5,False,256.9,169.5,6.3
case4_0045,upcountry_tou,2025,6,False,222.0,179.2,5.6
case4_0045,upcountry_tou,2025,7,False,250.0,123.1,4.9
case4_0045,upcountry_tou,2025,8,False,213.0,215.6,6.3
case4_0045,upcountry_tou,2025,9,False,277.1,160.5,5.7
case4_0045,upcountry_tou,2025,10,False,265.1,159.7,5.2
case4_0045,upcountry_tou,2025,11,False,220.3,172.3,5.0
case4_0045,upcountry_tou,2025,12,False,221.5,205.1,5.2
case4_0045,upcountry_tou,2026,1,False,190.1,119.9,5.5
case4_0045,upcountry_tou,2026,2,False,190.5,162.8,4.8
case4_0045,upcountry_tou,2026,3,False,215.3,167.0,5.9
case4_0045,upcountry_tou,2026,4,False,296.0,187.5,6.1
case4_0045,upcountry_tou,2026,5,False,257.5,194.0,6.7
case4_0045,upcountry_tou,2026,6,False,216.4,209.6,5.8
case4_0045,upcountry_tou,2026,7,False,255.4,178.7,4.7
case4_0045,upcountry_tou,2026,8,False,217.0,160.0,4.8
case4_0046,upcountry_tou,2024,3,True,95.8,190.2,10.7
case4_0046,upcountry_tou,2024,4,True,176.9,272.4,11.3
case4_0046,upcountry_tou,2024,5,True,112.4,280.7,11.9
case4_0046,upcountry_tou,2024,6,True,125.5,242.4,12.4
case4_0046,upcountry_tou,2024,7,True,114.8,227.1,12.3
case4_0046,upcountry_tou,2024,8,True,113.2,198.2,11.7
case4_0046,upcountry_tou,2024,9,True,111.4,221.0,13.0
case4_0046,upcountry_tou,2024,10,True,112.9,199.9,12.9
case4_0046,upcountry_tou,2024,11,True,78.8,155.3,9.3
case4_0046,upcountry_tou,2024,12,True,75.6,153.7,9.5
case4_0046,upcountry_tou,2025,1,True,74.3,160.0,9.2
case4_0046,upcountry_tou,2025,2,True,88.2,149.3,9.4
case4_0046,upcountry_tou,2025,3,True,112.6,206.0,11.4
case4_0046,upcountry_tou,2025,4,True,170.0,231.5,11.7
case4_0046,upcountry_tou,2025,5,True,156.3,287.0,13.6
case4_0046,upcountry_tou,2025,6,True,171.5,278.4,12.4
case4_0046,upcountry_tou,2025,7,True,91.0,289.4,11.8
case4_0046,upcountry_tou,2025,8,True,111.3,236.2,11.9
case4_0046,upcountry_tou,2025,9,True,80.6,199.6,12.8
case4_0046,upcountry_tou,2025,10,True,83.4,158.1,10.6
case4_0046,upcountry_tou,2025,11,True,49.9,118.5,10.2
case4_0046,upcountry_tou,2025,12,True,56.0,131.7,9.0
case4_0046,upcountry_tou,2026,1,True,58.9,148.9,9.8
case4_0046,upcountry_tou,2026,2,True,62.7,141.1,10.8
case4_0046,upcountry_tou,2026,3,True,112.2,177.4,10.3
case4_0046,upcountry_tou,2026,4,True,156.6,248.6,13.4
case4_0046,upcountry_tou,2026,5,True,142.4,242.2,12.2
case4_0046,upcountry_tou,2026,6,True,107.3,186.0,11.7
case4_0046,upcountry_tou,2026,7,True,117.9,257.8,12.1
case4_0046,upcountry_tou,2026,8,True,82.7,264.9,9.9
case4_0047,upcountry_tou,2024,3,False,263.1,193.5,5.5
case4_0047,upcountry_tou,2024,4,False,341.2,182.7,4.9
case4_0047,upcountry_tou,2024,5,False,397.0,228.4,4.6
case4_0047,upcountry_tou,2024,6,False,391.4,236.2,5.5
case4_0047,upcountry_tou,2024,7,False,440.2,278.1,4.8
case4_0047,upcountry_tou,2024,8,False,341.2,300.4,4.8
case4_0047,upcountry_tou,2024,9,False,412.4,218.7,4.7
case4_0047,upcountry_tou,2024,10,False,460.9,234.9,4.8
case4_0047,upcountry_tou,2024,11,False,396.0,246.0,3.7
case4_0047,upcountry_tou,2024,12,False,295.5,270.6,4.0
case4_0047,upcountry_tou,2025,1,False,269.5,122.8,4.1
case4_0047,upcountry_tou,2025,2,False,385.2,206.0,4.0
case4_0047,upcountry_tou,2025,3,False,354.1,176.6,4.9
case4_0047,upcountry_tou,2025,4,False,478.5,234.2,5.5
case4_0047,upcountry_tou,2025,5,False,296.7,208.8,6.3
case4_0047,upcountry_tou,2025,6,False,417.8,226.0,4.8
case4_0047,upcountry_tou,2025,7,False,352.2,296.5,5.2
case4_0047,upcountry_tou,2025,8,False,370.3,291.9,4.5
case4_0047,upcountry_tou,2025,9,False,453.5,371.7,4.9
case4_0047,upcountry_tou,2025,10,False,535.5,291.6,4.2
case4_0047,upcountry_tou,2025,11,False,414.1,273.2,4.5
case4_0047,upcountry_tou,2025,12,False,373.2,267.2,4.2
case4_0047,upcountry_tou,2026,1,False,391.0,208.8,3.9
case4_0047,upcountry_tou,2026,2,False,282.5,261.0,3.7
case4_0047,upcountry_tou,2026,3,False,241.0,171.5,5.2
case4_0047,upcountry_tou,2026,4,False,337.9,352.2,5.3
case4_0047,upcountry_tou,2026,5,False,439.6,277.2,5.5
case4_0047,upcountry_tou,2026,6,False,409.6,227.7,5.4
case4_0047,upcountry_tou,2026,7,False,397.4,223.4,5.2
case4_0047,upcountry_tou,2026,8,False,387.1,227.3,5.0
case4_0048,upcountry_tou,2024,3,False,570.5,364.0,17.0
case4_0048,upcountry_tou,2024,4,False,806.9,412.2,18.3
case4_0048,upcountry_tou,2024,5,False,667.2,375.9,20.6
case4_0048,upcountry_tou,2024,6,False,655.5,332.4,20.8
case4_0048,upcountry_tou,2024,7,False,863.3,309.8,19.9
case4_0048,upcountry_tou,2024,8,False,673.5,299.0,20.0
case4_0048,upcountry_tou,2024,9,False,662.9,339.3,21.8
case4_0048,upcountry_tou,2024,10,False,433.6,260.3,19.5
case4_0048,upcountry_tou,2024,11,False,442.6,185.3,20.9
case4_0048,upcountry_tou,2024,12,False,473.5,239.7,17.7
case4_0048,upcountry_tou,2025,1,False,483.6,253.3,17.2
case4_0048,upcountry_tou,2025,2,False,473.9,200.9,18.3
case4_0048,upcountry_tou,2025,3,False,614.7,265.4,18.6
case4_0048,upcountry_tou,2025,4,False,679.8,517.4,16.1
case4_0048,upcountry_tou,2025,5,False,836.2,243.1,16.8
case4_0048,upcountry_tou,2025,6,False,722.8,306.5,20.4
case4_0048,upcountry_tou,2025,7,False,679.2,308.8,17.9
case4_0048,upcountry_tou,2025,8,False,761.2,222.5,20.5
case4_0048,upcountry_tou,2025,9,False,608.7,278.1,21.3
case4_0048,upcountry_tou,2025,10,False,673.7,334.7,24.0
case4_0048,upcountry_tou,2025,11,False,424.0,200.5,18.4
case4_0048,upcountry_tou,2025,12,False,291.6,252.6,16.4
case4_0048,upcountry_tou,2026,1,False,414.0,169.4,22.0
case4_0048,upcountry_tou,2026,2,False,360.6,198.4,18.5
case4_0048,upcountry_tou,2026,3,False,618.4,235.9,19.8
case4_0048,upcountry_tou,2026,4,False,720.7,336.7,19.6
case4_0048,upcountry_tou,2026,5,False,758.5,312.4,20.8
case4_0048,upcountry_tou,2026,6,False,743.5,312.7,17.8
case4_0048,upcountry_tou,2026,7,False,784.5,415.9,19.8
case4_0048,upcountry_tou,2026,8,False,689.9,305.0,23.1
case4_0049,upcountry_tou,2024,3,True,195.5,406.3,10.9
case4_0049,upcountry_tou,2024,4,True,281.4,439.6,10.3
case4_0049,upcountry_tou,2024,5,True,298.1,484.6,8.7
case4_0049,upcountry_tou,2024,6,True,238.6,553.6,9.4
case4_0049,upcountry_tou,2024,7,True,200.3,567.1,9.3
case4_0049,upcountry_tou,2024,8,True,255.1,492.3,9.4
case4_0049,upcountry_tou,2024,9,True,241.4,502.7,9.1
case4_0049,upcountry_tou,2024,10,True,184.0,469.2,9.5
case4_0049,upcountry_tou,2024,11,True,189.2,504.5,8.1
case4_0049,upcountry_tou,2024,12,True,254.3,465.7,8.7
case4_0049,upcountry_tou,2025,1,True,208.3,423.7,8.7
case4_0049,upcountry_tou,2025,2,True,218.9,356.4,9.3
case4_0049,upcountry_tou,2025,3,True,194.6,534.9,9.2
case4_0049,upcountry_tou,2025,4,True,279.6,442.5,11.5
case4_0049,upcountry_tou,2025,5,True,287.8,524.4,10.1
case4_0049,upcountry_tou,2025,6,True,244.1,467.2,7.6
case4_0049,upcountry_tou,2025,7,True,240.0,436.7,9.6
case4_0049,upcountry_tou,2025,8,True,234.1,459.9,7.9
case4_0049,upcountry_tou,2025,9,True,225.7,556.7,8.9
case4_0049,upcountry_tou,2025,10,True,260.2,360.1,8.5
case4_0049,upcountry_tou,2025,11,True,186.2,458.6,7.9
case4_0049,upcountry_tou,2025,12,True,193.8,449.0,8.4
case4_0049,upcountry_tou,2026,1,True,210.8,398.3,8.1
case4_0049,upcountry_tou,2026,2,True,197.8,302.2,7.8
case4_0049,upcountry_tou,2026,3,True,186.3,381.8,9.3
case4_0049,upcountry_tou,2026,4,True,255.4,495.1,11.2
case4_0049,upcountry_tou,2026,5,True,249.7,505.6,11.3
case4_0049,upcountry_tou,2026,6,True,323.7,510.9,11.7
case4_0049,upcountry_tou,2026,7,True,222.7,619.0,9.6
case4_0049,upcountry_tou,2026,8,True,307.2,483.6,8.1
case4_0050,upcountry_tou,2024,3,False,199.4,90.8,8.4
case4_0050,upcountry_tou,2024,4,False,210.7,138.6,9.7
case4_0050,upcountry_tou,2024,5,False,237.0,126.6,9.2
case4_0050,upcountry_tou,2024,6,False,240.9,100.0,8.0
case4_0050,upcountry_tou,2024,7,False,213.6,109.4,9.0
case4_0050,upcountry_tou,2024,8,False,231.2,84.3,7.7
case4_0050,upcountry_tou,2024,9,False,215.8,90.9,7.4
case4_0050,upcountry_tou,2024,10,False,170.8,117.6,8.1
case4_0050,upcountry_tou,2024,11,False,153.5,69.4,7.5
case4_0050,upcountry_tou,2024,12,False,119.9,73.1,7.9
case4_0050,upcountry_tou,2025,1,False,151.0,78.7,8.3
case4_0050,upcountry_tou,2025,2,False,138.6,74.3,7.8
case4_0050,upcountry_tou,2025,3,False,211.0,82.2,7.7
case4_0050,upcountry_tou,2025,4,False,203.9,129.4,10.5
case4_0050,upcountry_tou,2025,5,False,251.2,97.2,8.9
case4_0050,upcountry_tou,2025,6,False,173.3,129.9,9.7
case4_0050,upcountry_tou,2025,7,False,199.5,136.7,9.0
case4_0050,upcountry_tou,2025,8,False,134.6,64.6,9.4
case4_0050,upcountry_tou,2025,9,False,124.9,96.6,8.4
case4_0050,upcountry_tou,2025,10,False,114.9,69.9,9.4
case4_0050,upcountry_tou,2025,11,False,89.2,53.4,8.1
case4_0050,upcountry_tou,2025,12,False,105.4,78.5,6.9
case4_0050,upcountry_tou,2026,1,False,119.7,44.2,7.1
case4_0050,upcountry_tou,2026,2,False,112.2,62.8,7.2
case4_0050,upcountry_tou,2026,3,False,140.4,77.9,9.0
case4_0050,upcountry_tou,2026,4,False,156.4,89.5,10.7
case4_0050,upcountry_tou,2026,5,False,179.7,70.9,8.9
case4_0050,upcountry_tou,2026,6,False,165.6,82.9,9.1
case4_0050,upcountry_tou,2026,7,False,172.3,70.7,8.6
case4_0050,upcountry_tou,2026,8,False,151.8,67.4,8.8
case4_0051,upcountry_tou,2024,3,False,396.8,286.9,46.6
case4_0051,upcountry_tou,2024,4,False,492.7,354.1,48.8
case4_0051,upcountry_tou,2024,5,False,563.2,266.5,47.2
case4_0051,upcountry_tou,2024,6,False,506.9,286.1,55.7
case4_0051,upcountry_tou,2024,7,False,480.6,392.4,49.5
case4_0051,upcountry_tou,2024,8,False,533.4,313.6,57.9
case4_0051,upcountry_tou,2024,9,False,533.6,317.6,54.5
case4_0051,upcountry_tou,2024,10,False,438.6,325.5,53.9
case4_0051,upcountry_tou,2024,11,False,298.1,159.2,53.1
case4_0051,upcountry_tou,2024,12,False,349.2,206.6,48.8
case4_0051,upcountry_tou,2025,1,False,392.6,247.7,44.5
case4_0051,upcountry_tou,2025,2,False,443.4,184.3,37.7
case4_0051,upcountry_tou,2025,3,False,439.9,226.0,48.7
case4_0051,upcountry_tou,2025,4,False,581.8,436.3,50.9
case4_0051,upcountry_tou,2025,5,False,511.4,407.4,49.8
case4_0051,upcountry_tou,2025,6,False,596.9,363.4,47.9
case4_0051,upcountry_tou,2025,7,False,516.1,298.0,59.0
case4_0051,upcountry_tou,2025,8,False,557.2,358.2,51.5
case4_0051,upcountry_tou,2025,9,False,542.0,387.6,51.0
case4_0051,upcountry_tou,2025,10,False,489.1,347.3,46.7
case4_0051,upcountry_tou,2025,11,False,348.2,209.3,51.6
case4_0051,upcountry_tou,2025,12,False,351.0,226.6,50.9
case4_0051,upcountry_tou,2026,1,False,413.0,220.0,48.5
case4_0051,upcountry_tou,2026,2,False,270.9,163.2,51.2
case4_0051,upcountry_tou,2026,3,False,347.8,217.2,58.7
case4_0051,upcountry_tou,2026,4,False,342.8,262.1,54.3
case4_0051,upcountry_tou,2026,5,False,420.3,251.2,56.3
case4_0051,upcountry_tou,2026,6,False,369.2,254.4,51.8
case4_0051,upcountry_tou,2026,7,False,368.2,232.8,47.2
case4_0051,upcountry_tou,2026,8,False,382.9,221.8,49.9
case4_0052,upcountry_tou,2024,3,False,327.4,178.7,11.8
case4_0052,upcountry_tou,2024,4,False,441.6,188.7,13.7
case4_0052,upcountry_tou,2024,5,False,390.6,200.6,14.2
case4_0052,upcountry_tou,2024,6,False,381.4,163.7,10.6
case4_0052,upcountry_tou,2024,7,False,320.6,192.1,10.8
case4_0052,upcountry_tou,2024,8,False,315.0,202.8,12.3
case4_0052,upcountry_tou,2024,9,False,312.2,170.2,12.4
case4_0052,upcountry_tou,2024,10,False,341.1,176.6,12.0
case4_0052,upcountry_tou,2024,11,False,298.8,210.1,12.0
case4_0052,upcountry_tou,2024,12,False,229.9,121.9,11.3
case4_0052,upcountry_tou,2025,1,False,238.2,119.1,9.7
case4_0052,upcountry_tou,2025,2,False,220.3,123.2,10.3
case4_0052,upcountry_tou,2025,3,False,265.4,145.0,11.1
case4_0052,upcountry_tou,2025,4,False,294.2,179.7,13.5
case4_0052,upcountry_tou,2025,5,False,358.5,166.3,12.7
case4_0052,upcountry_tou,2025,6,False,377.6,172.8,13.1
case4_0052,upcountry_tou,2025,7,False,321.6,151.8,11.8
case4_0052,upcountry_tou,2025,8,False,338.1,205.2,11.1
case4_0052,upcountry_tou,2025,9,False,297.4,201.6,12.6
case4_0052,upcountry_tou,2025,10,False,270.6,175.1,14.9
case4_0052,upcountry_tou,2025,11,False,349.1,159.2,13.5
case4_0052,upcountry_tou,2025,12,False,293.8,173.0,12.7
case4_0052,upcountry_tou,2026,1,False,266.9,172.4,12.4
case4_0052,upcountry_tou,2026,2,False,319.4,179.3,12.0
case4_0052,upcountry_tou,2026,3,False,416.7,184.1,14.8
case4_0052,upcountry_tou,2026,4,False,416.3,185.6,15.2
case4_0052,upcountry_tou,2026,5,False,369.6,173.9,13.8
case4_0052,upcountry_tou,2026,6,False,403.3,183.7,14.0
case4_0052,upcountry_tou,2026,7,False,406.8,168.3,12.3
case4_0052,upcountry_tou,2026,8,False,253.4,189.5,12.5
case4_0053,upcountry_tou,2024,3,False,472.5,301.7,5.0
case4_0053,upcountry_tou,2024,4,False,523.9,353.2,6.4
case4_0053,upcountry_tou,2024,5,False,657.8,288.4,5.6
case4_0053,upcountry_tou,2024,6,False,723.4,279.4,6.4
case4_0053,upcountry_tou,2024,7,False,686.4,318.5,5.9
case4_0053,upcountry_tou,2024,8,False,656.6,284.3,5.6
case4_0053,upcountry_tou,2024,9,False,663.5,298.8,4.8
case4_0053,upcountry_tou,2024,10,False,558.0,268.6,5.0
case4_0053,upcountry_tou,2024,11,False,472.9,290.5,4.9
case4_0053,upcountry_tou,2024,12,False,460.2,198.5,4.2
case4_0053,upcountry_tou,2025,1,False,436.5,199.3,4.5
case4_0053,upcountry_tou,2025,2,False,358.7,194.3,5.3
case4_0053,upcountry_tou,2025,3,False,653.6,275.7,3.9
case4_0053,upcountry_tou,2025,4,False,717.5,262.6,4.1
case4_0053,upcountry_tou,2025,5,False,643.3,347.6,4.5
case4_0053,upcountry_tou,2025,6,False,597.3,253.1,5.0
case4_0053,upcountry_tou,2025,7,False,502.7,313.0,4.9
case4_0053,upcountry_tou,2025,8,False,647.9,233.7,4.3
case4_0053,upcountry_tou,2025,9,False,612.1,285.2,5.0
case4_0053,upcountry_tou,2025,10,False,519.6,293.2,3.9
case4_0053,upcountry_tou,2025,11,False,415.6,239.1,4.0
case4_0053,upcountry_tou,2025,12,False,459.6,278.8,3.9
case4_0053,upcountry_tou,2026,1,False,429.7,285.1,4.2
case4_0053,upcountry_tou,2026,2,False,490.7,293.5,3.7
case4_0053,upcountry_tou,2026,3,False,504.4,269.0,4.2
case4_0053,upcountry_tou,2026,4,False,798.8,357.3,5.3
case4_0053,upcountry_tou,2026,5,False,606.9,308.6,4.1
case4_0053,upcountry_tou,2026,6,False,695.9,347.6,4.4
case4_0053,upcountry_tou,2026,7,False,659.5,398.8,5.0
case4_0053,upcountry_tou,2026,8,False,666.7,336.0,5.2
case4_0054,upcountry_tou,2024,3,False,215.8,174.0,5.6
case4_0054,upcountry_tou,2024,4,False,283.9,133.6,6.6
case4_0054,upcountry_tou,2024,5,False,268.7,179.5,7.5
case4_0054,upcountry_tou,2024,6,False,277.1,129.0,7.5
case4_0054,upcountry_tou,2024,7,False,251.7,149.6,5.1
case4_0054,upcountry_tou,2024,8,False,263.7,165.5,5.8
case4_0054,upcountry_tou,2024,9,False,249.4,153.3,6.0
case4_0054,upcountry_tou,2024,10,False,262.8,154.0,5.4
case4_0054,upcountry_tou,2024,11,False,213.3,185.0,5.3
case4_0054,upcountry_tou,2024,12,False,220.4,120.2,5.3
case4_0054,upcountry_tou,2025,1,False,224.0,162.0,5.1
case4_0054,upcountry_tou,2025,2,False,305.6,154.9,4.8
case4_0054,upcountry_tou,2025,3,False,264.8,162.0,5.9
case4_0054,upcountry_tou,2025,4,False,230.4,149.5,5.6
case4_0054,upcountry_tou,2025,5,False,250.4,153.1,5.8
case4_0054,upcountry_tou,2025,6,False,310.0,162.0,5.4
case4_0054,upcountry_tou,2025,7,False,311.6,186.1,6.0
case4_0054,upcountry_tou,2025,8,False,263.4,176.9,6.6
case4_0054,upcountry_tou,2025,9,False,255.0,143.4,6.9
case4_0054,upcountry_tou,2025,10,False,245.4,129.9,6.1
case4_0054,upcountry_tou,2025,11,False,215.0,178.0,5.8
case4_0054,upcountry_tou,2025,12,False,213.1,184.9,5.9
case4_0054,upcountry_tou,2026,1,False,262.9,157.3,5.8
case4_0054,upcountry_tou,2026,2,False,263.7,132.4,6.2
case4_0054,upcountry_tou,2026,3,False,223.2,185.6,5.8
case4_0054,upcountry_tou,2026,4,False,319.3,181.8,6.1
case4_0054,upcountry_tou,2026,5,False,318.1,191.3,5.2
case4_0054,upcountry_tou,2026,6,False,282.1,174.1,5.9
case4_0054,upcountry_tou,2026,7,False,252.2,179.3,6.8
case4_0054,upcountry_tou,2026,8,False,242.7,116.1,6.6
case4_0055,upcountry_tou,2024,3,True,135.9,428.3,18.1
case4_0055,upcountry_tou,2024,4,True,169.5,459.1,19.0
case4_0055,upcountry_tou,2024,5,True,203.0,388.4,17.7
case4_0055,upcountry_tou,2024,6,True,120.8,394.1,18.2
case4_0055,upcountry_tou,2024,7,True,161.7,504.9,16.9
case4_0055,upcountry_tou,2024,8,True,162.9,472.7,20.3
case4_0055,upcountry_tou,2024,9,True,169.6,488.5,20.4
case4_0055,upcountry_tou,2024,10,True,142.5,363.6,17.0
case4_0055,upcountry_tou,2024,11,True,130.0,317.7,16.4
case4_0055,upcountry_tou,2024,12,True,106.0,337.8,16.9
case4_0055,upcountry_tou,2025,1,True,117.0,278.4,15.3
case4_0055,upcountry_tou,2025,2,True,97.4,291.5,17.7
case4_0055,upcountry_tou,2025,3,True,124.4,382.7,17.7
case4_0055,upcountry_tou,2025,4,True,218.6,432.2,18.3
case4_0055,upcountry_tou,2025,5,True,171.3,597.2,18.9
case4_0055,upcountry_tou,2025,6,True,222.6,506.0,17.9
case4_0055,upcountry_tou,2025,7,True,183.1,356.8,18.3
case4_0055,upcountry_tou,2025,8,True,172.6,423.0,18.4
case4_0055,upcountry_tou,2025,9,True,166.8,492.5,18.3
case4_0055,upcountry_tou,2025,10,True,124.7,402.3,16.0
case4_0055,upcountry_tou,2025,11,True,138.9,346.5,16.6
case4_0055,upcountry_tou,2025,12,True,132.7,340.5,18.0
case4_0055,upcountry_tou,2026,1,True,112.7,257.1,15.0
case4_0055,upcountry_tou,2026,2,True,88.6,301.1,17.1
case4_0055,upcountry_tou,2026,3,True,198.1,402.8,21.2
case4_0055,upcountry_tou,2026,4,True,192.8,561.6,20.1
case4_0055,upcountry_tou,2026,5,True,188.2,537.7,20.3
case4_0055,upcountry_tou,2026,6,True,205.1,498.0,17.9
case4_0055,upcountry_tou,2026,7,True,190.1,496.9,15.0
case4_0055,upcountry_tou,2026,8,True,208.1,547.2,16.7
case4_0056,upcountry_tou,2024,3,False,341.3,168.4,6.3
case4_0056,upcountry_tou,2024,4,False,399.3,260.3,6.9
case4_0056,upcountry_tou,2024,5,False,419.3,268.1,6.0
case4_0056,upcountry_tou,2024,6,False,426.6,201.2,5.0
case4_0056,upcountry_tou,2024,7,False,375.2,184.6,6.4
case4_0056,upcountry_tou,2024,8,False,385.6,201.7,6.1
case4_0056,upcountry_tou,2024,9,False,329.6,237.1,5.7
case4_0056,upcountry_tou,2024,10,False,275.2,187.0,5.4
case4_0056,upcountry_tou,2024,11,False,243.4,118.6,4.3
case4_0056,upcountry_tou,2024,12,False,241.5,130.5,4.9
case4_0056,upcountry_tou,2025,1,False,216.0,138.4,4.5
case4_0056,upcountry_tou,2025,2,False,189.1,138.4,5.1
case4_0056,upcountry_tou,2025,3,False,369.8,153.6,6.3
case4_0056,upcountry_tou,2025,4,False,509.6,220.7,7.8
case4_0056,upcountry_tou,2025,5,False,422.7,216.8,8.2
case4_0056,upcountry_tou,2025,6,False,385.6,156.7,7.7
case4_0056,upcountry_tou,2025,7,False,357.2,192.9,7.3
case4_0056,upcountry_tou,2025,8,False,280.7,164.3,6.5
case4_0056,upcountry_tou,2025,9,False,287.9,157.3,5.7
case4_0056,upcountry_tou,2025,10,False,243.1,141.4,6.3
case4_0056,upcountry_tou,2025,11,False,184.7,111.9,5.9
case4_0056,upcountry_tou,2025,12,False,167.2,109.0,6.6
case4_0056,upcountry_tou,2026,1,False,199.1,129.3,5.5
case4_0056,upcountry_tou,2026,2,False,221.2,108.5,5.0
case4_0056,upcountry_tou,2026,3,False,262.3,195.9,6.3
case4_0056,upcountry_tou,2026,4,False,398.6,254.0,6.5
case4_0056,upcountry_tou,2026,5,False,375.5,224.9,7.3
case4_0056,upcountry_tou,2026,6,False,296.0,207.8,6.0
case4_0056,upcountry_tou,2026,7,False,341.8,263.1,5.8
case4_0056,upcountry_tou,2026,8,False,343.9,184.3,7.5
case4_0057,upcountry_tou,2024,3,True,130.4,215.1,22.8
case4_0057,upcountry_tou,2024,4,True,158.5,325.8,29.9
case4_0057,upcountry_tou,2024,5,True,143.3,268.4,31.7
case4_0057,upcountry_tou,2024,6,True,108.8,259.0,27.1
case4_0057,upcountry_tou,2024,7,True,159.8,297.9,25.1
case4_0057,upcountry_tou,2024,8,True,138.2,336.0,22.4
case4_0057,upcountry_tou,2024,9,True,115.8,287.1,22.2
case4_0057,upcountry_tou,2024,10,True,140.0,267.1,23.8
case4_0057,upcountry_tou,2024,11,True,139.4,241.5,22.5
case4_0057,upcountry_tou,2024,12,True,116.6,295.1,22.7
case4_0057,upcountry_tou,2025,1,True,128.5,245.8,21.0
case4_0057,upcountry_tou,2025,2,True,151.0,236.1,23.5
case4_0057,upcountry_tou,2025,3,True,155.9,246.0,23.6
case4_0057,upcountry_tou,2025,4,True,112.4,277.4,22.8
case4_0057,upcountry_tou,2025,5,True,132.2,230.0,24.4
case4_0057,upcountry_tou,2025,6,True,142.6,325.1,25.8
case4_0057,upcountry_tou,2025,7,True,155.8,295.5,28.6
case4_0057,upcountry_tou,2025,8,True,104.0,283.7,27.2
case4_0057,upcountry_tou,2025,9,True,156.4,272.1,27.3
case4_0057,upcountry_tou,2025,10,True,167.2,288.1,22.4
case4_0057,upcountry_tou,2025,11,True,123.7,283.0,21.6
case4_0057,upcountry_tou,2025,12,True,124.4,228.0,19.9
case4_0057,upcountry_tou,2026,1,True,111.2,238.6,21.5
case4_0057,upcountry_tou,2026,2,True,137.6,245.9,23.3
case4_0057,upcountry_tou,2026,3,True,144.9,316.9,23.4
case4_0057,upcountry_tou,2026,4,True,148.0,268.0,29.6
case4_0057,upcountry_tou,2026,5,True,117.0,269.9,24.0
case4_0057,upcountry_tou,2026,6,True,132.2,215.0,22.1
case4_0057,upcountry_tou,2026,7,True,105.6,302.1,24.7
case4_0057,upcountry_tou,2026,8,True,137.0,221.7,25.3
case4_0058,upcountry_tou,2024,3,False,684.0,379.9,5.5
case4_0058,upcountry_tou,2024,4,False,919.4,530.3,5.8
case4_0058,upcountry_tou,2024,5,False,832.6,460.0,4.9
case4_0058,upcountry_tou,2024,6,False,862.1,508.4,4.8
case4_0058,upcountry_tou,2024,7,False,930.6,378.1,5.1
case4_0058,upcountry_tou,2024,8,False,836.5,547.1,5.2
case4_0058,upcountry_tou,2024,9,False,722.1,619.6,4.0
case4_0058,upcountry_tou,2024,10,False,660.8,336.8,4.3
case4_0058,upcountry_tou,2024,11,False,557.5,298.0,4.1
case4_0058,upcountry_tou,2024,12,False,498.9,345.2,4.6
case4_0058,upcountry_tou,2025,1,False,487.9,228.9,4.3
case4_0058,upcountry_tou,2025,2,False,511.9,291.3,5.3
case4_0058,upcountry_tou,2025,3,False,738.8,391.1,5.8
case4_0058,upcountry_tou,2025,4,False,1078.4,638.6,5.4
case4_0058,upcountry_tou,2025,5,False,942.6,622.6,6.7
case4_0058,upcountry_tou,2025,6,False,928.3,521.3,5.5
case4_0058,upcountry_tou,2025,7,False,902.5,461.7,4.6
case4_0058,upcountry_tou,2025,8,False,904.0,466.7,6.2
case4_0058,upcountry_tou,2025,9,False,796.3,403.4,5.6
case4_0058,upcountry_tou,2025,10,False,589.4,516.6,5.5
case4_0058,upcountry_tou,2025,11,False,527.7,242.3,4.4
case4_0058,upcountry_tou,2025,12,False,497.8,335.6,4.3
case4_0058,upcountry_tou,2026,1,False,469.3,255.2,4.2
case4_0058,upcountry_tou,2026,2,False,679.1,307.1,4.8
case4_0058,upcountry_tou,2026,3,False,752.0,448.2,5.6
case4_0058,upcountry_tou,2026,4,False,913.2,531.8,6.3
case4_0058,upcountry_tou,2026,5,False,893.9,597.9,6.2
case4_0058,upcountry_tou,2026,6,False,723.4,595.9,5.8
case4_0058,upcountry_tou,2026,7,False,880.5,510.5,7.4
case4_0058,upcountry_tou,2026,8,False,802.7,520.7,6.0
case4_0059,upcountry_tou,2024,3,True,281.2,503.6,12.1
case4_0059,upcountry_tou,2024,4,True,275.1,565.7,14.4
case4_0059,upcountry_tou,2024,5,True,395.1,517.4,13.3
case4_0059,upcountry_tou,2024,6,True,283.2,448.3,12.9
case4_0059,upcountry_tou,2024,7,True,241.3,527.5,11.6
case4_0059,upcountry_tou,2024,8,True,288.8,430.6,12.0
case4_0059,upcountry_tou,2024,9,True,269.7,405.8,10.8
case4_0059,upcountry_tou,2024,10,True,274.9,446.2,11.5
case4_0059,upcountry_tou,2024,11,True,292.7,471.6,9.6
case4_0059,upcountry_tou,2024,12,True,256.8,472.2,9.0
case4_0059,upcountry_tou,2025,1,True,258.5,480.2,8.9
case4_0059,upcountry_tou,2025,2,True,283.4,485.0,11.4
case4_0059,upcountry_tou,2025,3,True,236.1,567.1,12.2
case4_0059,upcountry_tou,2025,4,True,342.2,421.1,11.1
case4_0059,upcountry_tou,2025,5,True,369.9,500.2,11.6
case4_0059,upcountry_tou,2025,6,True,275.9,479.5,11.4
case4_0059,upcountry_tou,2025,7,True,338.7,459.6,12.4
case4_0059,upcountry_tou,2025,8,True,274.5,469.3,12.3
case4_0059,upcountry_tou,2025,9,True,324.1,451.1,13.7
case4_0059,upcountry_tou,2025,10,True,284.8,390.5,12.1
case4_0059,upcountry_tou,2025,11,True,258.1,436.6,10.8
case4_0059,upcountry_tou,2025,12,True,274.2,502.1,9.9
case4_0059,upcountry_tou,2026,1,True,267.2,414.7,10.7
case4_0059,upcountry_tou,2026,2,True,310.7,484.4,12.7
case4_0059,upcountry_tou,2026,3,True,318.9,460.7,13.7
case4_0059,upcountry_tou,2026,4,True,320.8,541.1,15.4
case4_0059,upcountry_tou,2026,5,True,268.2,610.0,14.4
case4_0059,upcountry_tou,2026,6,True,367.3,453.9,10.6
case4_0059,upcountry_tou,2026,7,True,298.3,540.6,11.7
case4_0059,upcountry_tou,2026,8,True,243.0,486.0,12.8
