year,month,value,unit
2022,1,116302893.0,m3
2022,2,114731384.0,m3
2022,3,104832914.0,m3
2022,4,117711223.0,m3
2022,5,116327418.0,m3
2022,6,115705151.0,m3
2022,7,115868804.0,m3
2022,8,114370117.0,m3
2022,9,114492609.0,m3
2022,10,109221710.0,m3
2022,11,114004738.0,m3
2022,12,113199366.0,m3
2023,1,117487822.0,m3
2023,2,117680102.0,m3
2023,3,111549939.0,m3
2023,4,129640197.0,m3
2023,5,129781504.0,m3
2023,6,126566467.0,m3
2023,7,119717373.0,m3
2023,8,121779655.0,m3
2023,9,121990258.0,m3
2023,10,114892646.0,m3
2023,11,119124053.0,m3
2023,12,117767749.0,m3
2024,1,125669453.0,m3
2024,2,125934854.0,m3
2024,3,124949672.0,m3
2024,4,135022118.0,m3
2024,5,138924176.0,m3
2024,6,130274672.0,m3
2024,7,124275031.0,m3
2024,8,124265650.0,m3
2024,9,125639639.0,m3
2024,10,119781255.0,m3
2024,11,124652359.0,m3
2024,12,123499217.0,m3
2025,1,128353473.0,m3
2025,2,127262281.0,m3
2025,3,120483716.0,m3
2025,4,134230507.0,m3
2025,5,130976830.0,m3
2025,6,128043197.0,m3
2025,7,123733789.0,m3
2025,8,128307340.0,m3
2025,9,126916309.0,m3
2025,10,120832123.0,m3
2025,11,125141988.0,m3
2025,12,120999834.0,m3
2026,1,130627884.0,m3
2026,2,130582858.0,m3
2026,3,124813069.0,m3
2026,4,140522706.0,m3
2026,5,141237683.0,m3
2026,6,134646563.0,m3
2026,7,129441357.0,m3
2026,8,132177023.0,m3
